2010/05/2003,9.49,1.67,22.3,0.32,20.2,33.575,4.52
2006/02/2009,14.36,0.75,5.8,0.02,3.3,33.725,4.92
2003/04/2016,17.8,0.49,1,0,0,33.46,5.92
2001/10/2028,10.82,1.94,18.4,0.26,16.8,33.71,4.13
2000/10/2027,8.19,1.87,63,0,27.9,33.99,3.45
2000/04/2021,14.24,0.56,16,0,1.3,33.6,5.97
2000/01/2022,11.34,0.88,16,0.06,9,33.59,5.1
2000/01/2014,15.43,0.3,4.4,0.02,0.2,33.619,5.67
2000/01/2010,17.91,0.19,3,0,0,33.621,5.66
2000/01/2008,11.21,2.91,73.3,0,28.3,34.022,0.28
2000/01/2007,11,2.23,53,0,25.3,33.895,2.11
2000/01/2009,17.95,0.19,3,0,0,33.622,5.64
2000/01/2012,17.18,0.16,3,0,0,33.612,5.89
2000/01/2011,17.55,0.18,3,0,0,33.616,5.83
2000/01/2013,16.57,0.24,4,0,0,33.61,5.89
2000/01/2018,11.61,1.69,37.4,0,20.3,33.888,2.93
2000/01/2016,13.78,0.54,10.5,0.02,3.7,33.685,4.94
2000/01/2015,14.77,0.4,6,0.05,0.7,33.627,5.43
2000/01/2017,12.23,1.18,22.6,0,12,33.788,3.93
2000/01/2020,17.05,0.29,4,0,0.1,33.63,5.77
2000/01/2019,17.73,0.29,5,0,0.1,33.63,5.74
2000/01/2021,13.38,0.4,7,0.05,1.8,33.57,5.89
2000/04/2013,8.53,2.24,74,0,31,34.13,1.83
2000/04/2009,16.54,0.29,3,0,0.3,33.53,6.19
2000/04/2007,8.71,2.16,73,0,30.5,34.14,2.53
2000/01/2023,9.1,2.06,58,0,27.6,34,2.71
2000/04/2008,16.54,0.29,3,0,0.3,33.53,5.81
2000/04/2011,11.5,0.96,18,0.13,10.1,33.44,3.82
2000/04/2010,13.87,0.61,4,0,0.4,33.41,4.89
2000/04/2012,8.86,1.76,53,0,26.4,33.92,2.32
2000/04/2017,11.52,1.47,24,0.44,13.1,33.56,4.69
2000/04/2015,16.21,0.43,6,0,0.3,33.67,6.02
2000/04/2014,16.21,0.32,6,0,0.3,33.67,5.97
2000/04/2016,13.62,0.45,12,0.11,4,33.54,6.02
2000/04/2019,8.34,2.56,86,0,32.4,34.14,1.81
2000/04/2018,8.71,2.32,71,0,30,34.07,2.53
2000/04/2020,15.46,0.51,16,0,0.6,33.6,6.02
2000/07/2012,8.57,2.11,78,0.06,26.6,34.13,2.25
2000/07/2005,11.25,0.64,14,0,7,33.54,5.52
2000/07/2001,8.87,2.46,85,0,30.5,34.23,1.72
2000/06/2029,9.88,1.92,52,0,24.7,33.94,2.76
2000/04/2022,10.46,1.58,36,0.02,18.7,33.72,3.69
2000/06/2030,9.35,2.35,74,0,27.5,34.2,2.01
2000/07/2003,16.85,0.35,5,0,0,33.57,5.85
2000/07/2002,16.87,0.21,5,0,0.1,33.58,5.85
2000/07/2004,13.08,0.35,5,0,0,33.49,6.2
2000/07/2009,16.76,0.32,3,0,0,33.56,5.76
2000/07/2007,8.92,2.08,75,0,25.4,34.15,2.52
2000/07/2006,9.7,1.92,62,0,23.8,34.09,2.41
2000/07/2008,16.8,0.21,3,0,0,33.56,5.76
2000/07/2010,11.54,0.83,19,0.34,4.4,33.46,4.77
2000/07/2010,14.11,0.32,6,0,0,33.44,6.03
2000/07/2011,9.38,1.87,64,0,23.5,34.13,2.44
2000/10/2018,15.4,0.32,3,0,0.3,33.46,5.96
2000/10/2014,9.08,1.79,54,0,21.6,33.93,3.23
2000/10/2012,16.09,0.32,4,0,0.6,33.62,6
2000/07/2013,16.31,0.35,4,0,0.7,33.57,6
2000/10/2013,13.8,0.51,9,0,2.2,33.53,6.12
2000/10/2016,16.99,0.27,3,0,0.3,33.48,5.74
2000/10/2015,8.53,2.27,80,0,26.3,34.14,2.27
2000/10/2017,16.98,0.32,3,0,0.3,33.49,5.75
2000/10/2023,16.73,0.27,3,0,0.3,33.41,5.81
2000/10/2020,9.41,2.16,64,0,28,34.15,2.42
2000/10/2019,9.9,1.87,48,0,24,33.99,2.97
2000/10/2021,17.35,0.27,3,0,0.3,33.44,5.78
2000/10/2025,13.2,0.53,7,0,3.1,33.36,6.04
2000/10/2024,14.07,0.32,4,0,0.6,33.38,6.46
2000/10/2026,9.21,1.9,52,0,27,33.92,2.99
2001/04/2012,16.93,0.27,3,0,1.5,33.45,5.72
2001/01/2019,12.78,0.69,10,0.18,5.9,33.42,5.55
2001/01/2011,17.56,0.29,2,0,0,33.52,5.77
2001/01/2007,14.15,0.4,3,0,0,33.15,6.16
2000/10/2029,17.25,0.67,3,0,0,33.37,5.72
2000/10/2028,17.59,0.45,3,0,0,33.35,5.75
2000/10/2030,15.95,0.45,2,0,0,33.43,5.93
2001/01/2009,9.13,2.11,50,0,24.4,33.95,3.52
2001/01/2008,10.04,1.34,23,0,14.2,33.59,4.77
2001/01/2010,17.64,0.35,3,0,0,33.32,5.69
2001/01/2015,9.53,1.84,48,0,24,33.92,2.28
2001/01/2013,16.82,0.27,2,0,0,33.72,5.82
2001/01/2012,17.06,0.29,2,0,0,33.67,5.77
2001/01/2014,10.75,1.2,25,0,15,33.62,3.25
2001/01/2017,16.52,0.32,2,0,0.2,33.53,5.82
2001/01/2016,16.54,0.27,2,0,0,33.53,5.76
2001/01/2018,15.54,0.32,2,0,0,33.49,5.98
2001/04/2008,8.83,2,62,0,30.5,34.03,3.04
2001/01/2023,16.44,0.35,2,0,0,33.46,5.78
2001/01/2021,16.54,0.27,2,0,0,33.49,5.75
2001/01/2020,9.11,2,54,0,29.7,33.96,3.22
2001/01/2022,16.54,0.27,2,0,0,33.49,5.84
2001/04/2007,9.43,1.71,45,0,27.1,33.83,3.56
2001/04/2006,14.75,0.35,3,0,0,33.33,6.07
2001/04/2010,10.01,1.55,38,0,23.4,33.87,3.66
2001/04/2009,16.57,0.35,3,0,0,33.42,5.76
2001/04/2009,16.57,0.59,3,0,0,33.42,5.87
2001/04/2010,14.8,0.32,3,0,0,33.31,5.78
2001/04/2011,16.93,0.35,3,0,1.1,33.44,5.74
2001/04/2011,10.12,2.32,63,0,32.2,34.25,2.11
2001/04/2012,16.93,0.29,2,0,1.8,33.44,5.79
2001/07/2014,17.22,0.75,3,0.09,0.4,33.553,5.81
2001/04/2020,10.81,0.88,19,0,8.7,33.62,4.94
2001/04/2016,17.03,0.35,3,0,0,33.27,5.73
2001/04/2014,10.25,1.28,29,0.03,16.4,33.65,4.24
2001/04/2013,15.91,0.32,3,0,0.8,33.46,5.94
2001/04/2015,10.44,2.24,62,0,25.9,34.25,1.98
2001/04/2018,15.89,0.32,3,0,0,33.23,5.92
2001/04/2017,16.95,0.32,3,0,0,33.27,5.72
2001/04/2019,14.63,0.35,3,0,0,33.17,6.08
2001/07/2010,17.07,0.24,3,0,0,33.65,5.8
2001/04/2022,17.54,0.4,3,0,0,33.27,5.7
2001/04/2021,9.39,2.14,56,0,22.8,33.94,3.18
2001/04/2023,17.25,0.37,3,0,0,33.26,5.71
2001/07/2012,10.97,1.09,23,0,11.5,33.61,4.43
2001/07/2011,16.78,0.32,3,0,0,33.68,5.78
2001/07/2013,9.64,1.74,43,0,19.8,33.93,3.72
2001/07/2022,9.39,2.65,34.6,0.13,28.1,34.115,2.37
2001/07/2018,12.6,0.91,7.4,0.26,5.7,33.789,5.49
2001/07/2016,15.89,0.51,3.1,0.18,0.1,33.535,5.9
2001/07/2015,16.07,0.51,3,0.17,0,33.521,5.92
2001/07/2017,14.14,0.64,4.6,0.24,2.1,33.669,5.72
2001/07/2020,10.01,2.07,26.7,0.16,24.1,34.224,3.11
2001/07/2019,10.39,1.74,20.3,0.2,20,34.149,3.79
2001/07/2021,9.75,2.4,31.6,0.14,26.8,34.213,2.58
2001/07/2026,16.85,0.72,4,0.09,0.9,33.7,5.87
2001/07/2024,8.88,2.68,39.8,0.12,29.3,34.042,2.09
2001/07/2023,9.33,2.68,35,0.13,28.2,34.092,2.36
2001/07/2025,17.08,0.68,3,0.04,0.9,33.706,5.79
2001/10/2026,16.38,0.76,4.6,0.08,1.7,33.696,5.54
2001/10/2025,16.84,0.72,4.1,0.09,1,33.699,5.84
2001/10/2027,15.27,0.84,5.6,0.09,2.9,33.697,5.15
2002/07/2008,11.27,1.15,10.5,0.06,10.6,33.447,5.29
2002/03/2029,11.11,1.61,16.7,0.11,16.7,33.475,3.78
2002/01/2028,9.21,2.8,34.5,0.01,26.4,33.72,2.58
2001/11/2005,16.38,1,2,0.03,0,33.508,5.89
2001/11/2001,9.02,2.73,36.6,0.03,28.2,34.021,2.41
2001/10/2030,9.47,2.64,30.8,0.04,25.7,33.811,2.86
2001/10/2029,9.72,2.4,26.3,0.11,23.5,33.747,3.37
2001/10/2031,9.3,2.71,33.8,0.03,27,33.902,2.59
2001/11/2003,8.45,3.01,44.5,0.02,31,34.091,1.83
2001/11/2002,8.97,2.73,37,0.03,28.4,34.043,2.39
2001/11/2004,16.46,0.63,2,0,0.1,33.512,5.81
2002/01/2024,11,1.47,13,0.26,12.8,33.494,4.76
2001/11/2007,14.31,0.95,3.2,0.06,1.3,33.473,6.39
2001/11/2006,16.21,1,2.1,0.03,0.1,33.505,5.95
2001/11/2008,12.3,0.91,4.8,0.12,3.3,33.456,6.41
2002/01/2026,9.79,2.31,27.5,0.02,24.1,33.608,3.14
2002/01/2025,10.86,1.59,14.2,0.25,14,33.5,4.57
2002/01/2027,9.5,2.55,31.4,0.01,25.6,33.664,2.82
2002/02/2005,10.13,2.31,30.4,0.04,23.7,33.764,2.36
2002/02/2001,14.73,0.47,3,0,0,33.48,6.79
2002/01/2030,8.19,3.32,46.9,0.01,30.8,33.954,1.83
2002/01/2029,8.61,2.87,40.6,0.01,28.4,33.835,2.3
2002/01/2031,16.19,0.42,5,0.01,0,33.59,6.67
2002/02/2003,10.66,1.56,17,0.07,16.6,33.65,4.18
2002/02/2002,12.88,0.85,6.7,0.08,5.6,33.472,5.84
2002/02/2004,10.2,2.06,26,0.03,20.1,33.707,2.65
2002/02/2009,18.26,0.47,2,0,0,33.61,5.79
2002/02/2007,10.04,2.42,31.4,0.03,25.4,33.88,2.23
2002/02/2006,10.1,2.38,31,0.04,25,33.822,2.3
2002/02/2008,18.25,0.47,1,0,0,33.61,5.72
2002/03/2028,16,0.62,2.5,0.02,0.5,33.539,6.11
2002/03/2029,11.99,0.86,6,0.17,6,33.42,5.74
2002/04/2008,17.16,0.51,2,0,0,33.625,5.74
2002/04/2004,17.05,0.51,2,0,0,33.593,5.83
2002/04/2002,9.38,2.77,40.3,0,28.9,33.77,1.5
2002/03/2031,10.07,2.21,28.3,0.01,24.3,33.588,2.59
2002/03/2030,10.48,1.99,23.5,0.04,22,33.531,2.95
2002/04/2001,9.83,2.45,33.1,0,26.3,33.647,2.16
2002/04/2003,18.22,0.51,2,0,0,33.58,5.7
2002/04/2003,18.22,0.49,2,0,0,33.58,5.63
2002/04/2004,18.14,0.51,2,0,0,33.581,5.71
2002/04/2006,10.32,2.36,30.2,0.02,24,33.98,2.33
2002/04/2005,12.23,0.94,8.4,0.1,3.5,33.648,5.42
2002/04/2005,15.37,0.53,2.3,0.01,0.2,33.608,5.86
2002/04/2006,10.59,2.14,25.4,0.04,21.8,33.828,2.79
2002/04/2007,9.95,2.49,34.3,0.01,25.8,34.161,2.04
2002/04/2007,10.04,2.49,34,0.01,25.7,34.16,2.02
2002/04/2008,17.79,0.47,2,0,0,33.628,5.74
2002/04/2012,8.89,2.28,33.9,0.03,24.5,34.035,2.83
2002/04/2010,10.99,1.4,14.4,0.24,13.8,33.669,4.37
2002/04/2009,16.83,0.51,2,0,0,33.627,5.95
2002/04/2009,17.15,0.51,2,0,0,33.625,5.76
2002/04/2010,15.91,0.55,2.5,0.01,0.6,33.635,6.05
2002/04/2011,9.73,2.07,27.2,0.03,22.1,33.825,3.01
2002/04/2011,10.07,1.87,22.6,0.08,20.1,33.736,3.46
2002/04/2012,9.35,2.18,30.5,0.02,23.4,33.927,2.89
2002/07/2005,17.05,0.51,2,0.03,0,33.451,5.58
2002/07/2003,8.4,2.69,43.8,0.01,25.4,34.112,2.01
2002/07/2002,8.87,2.28,34,0.03,24.5,34.039,2.83
2002/07/2004,17.07,0.4,2,0.01,0,33.453,5.71
2002/07/2007,13.8,0.58,3,0.04,0.7,33.412,6.39
2002/07/2006,16.82,0.52,2,0.02,0,33.434,5.67
2003/02/2001,14.32,0.49,2,0.02,0,33.122,6.17
2002/11/2012,16.63,0.51,2,0,0,33.447,5.87
2002/07/2012,13.46,0.62,3.1,0.05,0.6,33.367,6.33
2002/07/2010,8.32,2.43,39.3,0.02,27.4,33.672,2.7
2002/07/2009,9.47,1.92,24.1,0.03,21.6,33.527,3.56
2002/07/2009,9.99,1.6,17.7,0.04,17.5,33.485,4.27
2002/07/2010,9.2,2.18,30.1,0.02,24.5,33.572,3.03
2002/07/2011,16.92,0.52,2,0.01,0,33.402,5.68
2002/07/2011,17.01,0.56,2,0,0,33.425,5.69
2002/07/2012,13.55,0.61,3,0.04,0.4,33.366,6.35
2002/07/2016,9.07,2.1,29.9,0.02,24.8,33.533,3.33
2002/07/2014,10.73,1.42,14.4,0.11,14.6,33.444,4.48
2002/07/2013,11.9,0.98,8,0.22,7.4,33.404,5.38
2002/07/2015,9.74,1.81,22.3,0.03,20.5,33.487,3.84
2002/11/2010,16.76,0.49,2,0,0,33.451,6.14
2002/07/2017,8.52,2.37,37.7,0.01,27.3,33.636,2.66
2002/11/2011,16.65,0.51,2,0,0,33.449,5.86
2002/11/2020,9.16,2.03,27.4,0.01,23.5,33.452,3.46
2002/11/2016,15.13,0.52,1.1,0.01,0.1,33.359,5.92
2002/11/2014,16.02,0.51,1.9,0,0,33.406,5.96
2002/11/2013,16.36,0.51,2,0,0,33.428,5.91
2002/11/2015,15.22,0.51,1,0,0,33.359,5.92
2002/11/2018,10.66,1.38,14.1,0.11,14,33.384,4.62
2002/11/2017,12.6,0.83,5.8,0.26,5.1,33.365,5.58
2002/11/2019,9.65,1.8,21.6,0.02,20.4,33.413,3.86
2002/11/2024,16.73,0.49,2,0.02,0,33.257,5.55
2002/11/2022,16.98,0.49,2,0,0,33.276,5.67
2002/11/2021,8.32,2.2,36.5,0,26.7,33.556,2.98
2002/11/2023,16.74,0.49,2,0.02,0,33.261,5.55
2003/01/2030,16.12,0.49,2,0.01,0,33.183,5.8
2002/11/2025,16.53,0.49,2,0.01,0,33.22,5.62
2003/01/2031,14.38,0.49,2,0.02,0,33.115,6.18
2003/04/2004,10.54,2.52,36,0.24,27.4,34.25,1.28
2003/02/2009,17.6,0.47,2,0,0,33.582,5.76
2003/02/2005,10.38,1.16,12.5,0.03,12,33.689,4.72
2003/02/2003,12.97,0.6,3.2,0.12,1.7,33.432,5.68
2003/02/2002,13.22,0.51,2,0,0,33.284,5.96
2003/02/2004,11.93,0.83,6.9,0.12,6.2,33.567,5.25
2003/02/2007,17.89,0.42,2,0,0,33.58,5.63
2003/02/2006,9.26,1.81,25.7,0.02,21.4,33.893,3.56
2003/02/2008,17.73,0.47,2,0,0,33.58,5.72
2003/02/2013,10.46,1.25,13.2,0.05,13.4,33.778,4.58
2003/02/2011,14.45,0.5,2.2,0.01,0.2,33.627,6.19
2003/02/2010,16.16,0.48,2,0,0,33.603,6.05
2003/02/2012,12.42,0.85,7.2,0.16,5.7,33.685,5.4
2003/02/2015,10.16,2.25,31,0.14,25.6,34.045,2.24
2003/02/2014,10.06,1.83,23.1,0.05,21.1,33.897,3.4
2003/04/2003,10.49,2.5,35.6,0.23,27.3,34.226,1.37
2003/04/2011,12.62,0.85,6.9,0.15,5.2,33.646,5.48
2003/04/2008,18.46,0.49,1,0,0,33.619,5.5
2003/04/2006,18.96,0.47,1,0,0,33.63,5.48
2003/04/2005,10.65,2.95,38.8,0.04,28.7,34.267,0.83
2003/04/2007,18.53,0.49,1,0,0,33.62,5.49
2003/04/2010,16.84,0.47,2,0,0,33.601,5.78
2003/04/2009,17.72,0.48,1.5,0,0,33.607,5.62
2003/04/2011,14.99,0.5,2.1,0.01,0.1,33.607,6.04
2003/04/2013,9.41,2.07,28.3,0,24.2,33.952,3.04
2003/04/2012,11.14,1.32,14.2,0.08,12.8,33.719,4.39
2003/04/2013,10.15,1.75,21.8,0.02,19.6,33.822,3.52
2003/04/2015,8.79,2.38,35.6,0,26.6,34.069,2.69
2003/04/2014,9.34,2.1,29,0,24.6,33.97,3
2003/04/2016,18.01,0.49,2,0,0,33.44,5.79
2004/11/2018,15.81,0.44,1.1,0,0,33.522,6.04
2004/03/2030,11.72,1.12,10.7,0.02,10.9,33.473,4.62
2003/10/2027,18.22,0.47,1,0,0,33.468,5.62
2003/07/2022,11.55,1.17,12.2,0.04,10.8,33.803,5
2003/04/2022,10.74,1.48,15.3,0.02,14.2,33.417,4.3
2003/04/2019,13.9,0.47,2,0,0,33.17,6.42
2003/04/2018,17.59,0.49,1,0,0,33.393,6
2003/04/2017,17.78,0.49,1,0,0,33.455,5.93
2003/04/2019,17.25,0.49,1,0,0,33.32,6.08
2003/04/2021,12.79,0.69,3.7,0.08,2.6,33.253,6.05
2003/04/2020,13.82,0.48,2,0,0.1,33.173,6.42
2003/04/2022,11.67,0.93,6.5,0.06,6.7,33.334,5.48
2003/07/2018,17.9,0.47,2,0,0,33.49,5.69
2003/04/2024,10.15,2.61,35.5,0,26.8,33.677,1.9
2003/04/2023,10.24,2.16,26.6,0.01,22.3,33.502,2.93
2003/07/2017,17.9,0.47,2,0,0,33.49,5.7
2003/07/2020,14.84,0.44,2,0,0,33.35,6.42
2003/07/2019,17.6,0.48,2,0,0,33.455,5.73
2003/07/2021,13.3,0.56,2.9,0.04,0.8,33.589,6.19
2003/07/2030,13.58,0.65,3,0.04,0.6,33.58,6.04
2003/07/2026,18.72,0.47,2,0,0,33.65,5.57
2003/07/2024,10.75,2.34,33.1,0.02,26.2,34.159,2.12
2003/07/2023,10.88,1.81,24.1,0.02,20.9,33.993,3.42
2003/07/2025,18.99,0.47,2,0,0,33.66,5.54
2003/07/2028,18.16,0.45,2,0,0,33.608,5.68
2003/07/2027,18.69,0.47,2,0,0,33.646,5.58
2003/07/2029,17.13,0.45,2,0,0,33.579,5.81
2003/10/2023,10.53,2.17,26.5,0.02,24,33.719,2.66
2003/10/2021,11.51,1.25,12.7,0.07,12.6,33.625,4.44
2003/10/2020,13.46,0.67,3.3,0.04,1,33.582,5.99
2003/10/2022,10.83,1.83,20.9,0.04,20.1,33.671,3.34
2003/10/2025,9.6,2.65,38.7,0,29.2,33.876,1.68
2003/10/2024,10.28,2.34,30.7,0.01,26.2,33.769,2.19
2003/10/2026,18.78,0.47,2,0,0,33.469,5.51
2004/01/2012,10.79,2.54,33.7,0.11,26.2,34.059,1.85
2003/11/2002,16.62,0.54,8,0.07,0.7,33.748,6.42
2003/10/2030,14.77,0.47,1,0,0,33.42,5.92
2003/10/2029,15.94,0.47,1,0,0,33.402,5.83
2003/10/2028,18.01,0.47,1.4,0,0,33.452,5.62
2003/10/2031,11.89,0.94,8.5,0.11,7.4,33.502,5.13
2003/10/2031,13.28,0.62,3.6,0.11,1.7,33.455,5.73
2003/11/2001,19.31,0.4,5,0,0,33.666,5.69
2004/01/2008,11.84,1.97,23.2,0.77,18,33.793,2.91
2004/01/2006,14.87,0.76,9.1,0.15,3.2,33.749,5.71
2003/11/2003,16.43,0.55,8.1,0.08,0.8,33.748,6.36
2004/01/2007,13.83,1.08,10.7,0.25,7.5,33.757,4.98
2004/01/2010,11.15,2.45,29,0.89,22.6,33.91,2.14
2004/01/2009,11.3,2.29,27.4,0.87,21.3,33.875,2.44
2004/01/2011,10.93,2.39,30.8,0.25,24.8,33.97,2.14
2004/01/2020,10.82,2.66,36,0.02,27.2,34.09,1.28
2004/01/2016,10.26,2.61,39,0.04,28.2,34.292,1.41
2004/01/2014,10.46,2.61,36,0.05,27.9,34.248,1.57
2004/01/2013,10.71,2.52,34.1,0.05,26.7,34.148,1.79
2004/01/2015,10.28,2.61,38.6,0.04,28.2,34.287,1.43
2004/01/2018,19.61,0.42,6,0,0,33.704,5.65
2004/01/2017,19.6,0.42,6,0.04,0,33.501,5.66
2004/01/2019,10.92,2.21,27,0.02,24.9,33.887,2.01
2004/03/2026,17.38,0.46,2.9,0,0,33.534,5.85
2004/03/2024,18.98,0.49,4,0,0,33.59,5.63
2004/03/2023,19.07,0.51,4,0,0,33.6,5.57
2004/03/2025,18.85,0.49,3.9,0,0,33.585,5.65
2004/03/2028,14.67,0.49,2,0,0,33.42,5.96
2004/03/2027,15.76,0.44,2,0,0,33.485,6.02
2004/03/2029,14.55,0.51,2.2,0,0.3,33.422,5.92
2004/07/2020,16.44,0.42,1,0,0,33.5,6.09
2004/04/2007,15.1,0.47,2,0,0,33.45,6.12
2004/04/2003,10.2,2.59,36.6,0.09,27.7,33.765,1.63
2004/04/2001,10.89,2.09,26.8,0.05,23.2,33.582,2.54
2004/03/2031,11.26,1.7,20.3,0.06,19.1,33.526,3.23
2004/04/2002,10.43,2.32,30.8,0.01,25.1,33.64,2.33
2004/04/2005,19.81,0.44,2,0,0,33.63,5.39
2004/04/2004,19.81,0.44,2,0,0,33.63,5.47
2004/04/2006,19.09,0.44,2.5,0,0,33.577,5.46
2004/07/2017,11.87,0.94,8.8,0.02,4.3,33.901,5.13
2004/07/2013,19.61,0.49,1,0,0,33.52,5.77
2004/04/2008,12.88,0.95,7.6,0.07,7.1,33.492,4.99
2004/07/2015,15.93,0.44,1,0,0,33.52,6.05
2004/07/2014,18.32,0.46,1,0,0,33.508,5.94
2004/07/2016,19.61,0.44,2,0,0,33.52,5.42
2004/07/2018,14.18,0.5,2.7,0,0,33.717,5.99
2004/07/2017,10.6,1.44,17,0.02,9.1,34.063,4.18
2004/07/2019,18.08,0.42,1,0,0,33.524,5.79
2004/11/2007,16.04,0.4,1,0,0,33.407,6.02
2004/07/2028,18.72,0.42,1.5,0,0,33.542,5.69
2004/07/2024,9.86,2.28,28.5,0.01,23.9,33.638,2.89
2004/07/2022,19.09,0.42,2,0,0,33.56,5.64
2004/07/2021,16.35,0.42,1,0,0,33.509,6.09
2004/07/2023,19.09,0.42,2,0,0,33.56,5.65
2004/07/2026,10.3,2.01,24.5,0.01,21.9,33.586,3.14
2004/07/2025,9.4,2.46,37.3,0.01,27.5,33.752,2.09
2004/07/2027,11.25,1.55,17.4,0.04,16.4,33.537,3.77
2004/11/2003,11.67,0.91,8,0.05,8.3,33.463,4.96
2004/11/2002,12.37,0.77,6,0.04,5.7,33.428,5.24
2004/11/2005,10.29,1.84,22.6,0.02,20.9,33.8,3.33
2004/11/2004,10.9,1.3,13.8,0.04,13.8,33.603,4.28
2004/11/2006,14.54,0.48,1.9,0,0,33.38,5.87
2004/11/2015,11.37,1.71,20.1,0.05,18.4,33.602,3.34
2004/11/2011,19.51,0.44,1,0,0,33.559,5.45
2004/11/2009,18.96,0.46,1.4,0,0,33.511,5.54
2004/11/2008,18.1,0.47,2,0,0,33.469,5.69
2004/11/2010,19.55,0.44,1,0,0,33.564,5.44
2004/11/2013,10.82,2.79,37.8,0.02,28.8,33.803,1.17
2004/11/2012,19.59,0.44,2,0,0,33.564,5.41
2004/11/2014,11.1,2.62,33.9,0.02,27.8,33.696,1.49
2004/11/2017,12.85,0.79,6,0.08,4.7,33.56,5.3
2004/11/2016,11.16,2.37,30,0.03,24.9,33.647,1.99
2005/07/2011,17.21,0.41,2.7,0.01,0,33.576,5.85
2005/04/2019,17.35,0.44,2,0,0,33.682,5.51
2005/01/2014,13.24,1.86,18,0.03,18.7,33.931,2.5
2005/01/2008,13.18,0.62,4.2,0.08,1.4,33.594,5.63
2005/01/2005,10.6,2.09,27.6,0.02,23.2,33.698,2.52
2005/01/2005,11.08,1.92,22.8,0.03,21,33.661,2.77
2005/01/2004,12.09,1.39,14,0.13,14,33.627,3.86
2005/01/2006,10.37,2.37,31.9,0.01,25.3,33.736,2.14
2005/01/2007,20.38,0.42,2,0,0,33.684,5.33
2005/01/2010,19.04,0.38,2,0,0,33.622,5.68
2005/01/2009,14.75,0.56,4,0.03,0.2,33.582,5.81
2005/01/2012,20.53,0.35,2,0,0,33.686,5.39
2005/01/2011,20.53,0.35,2,0,0,33.689,5.37
2005/01/2013,13.04,2.68,32,0.07,25.1,34.205,0.96
2005/01/2018,9.68,2.35,34,0.03,27.1,34.161,2.2
2005/01/2016,19.4,0.49,10,0.01,0,34.012,6.12
2005/01/2015,14.15,1.54,16,0.66,13.2,33.873,3.76
2005/01/2017,20.49,0.63,11,0.01,0,34.037,6.29
2005/04/2016,11.81,1.45,18,0.04,16.8,33.743,3.03
2005/04/2015,13.96,0.75,6.9,0.07,5.2,33.719,4.02
2005/01/2019,9.7,2.32,33.4,0.03,26.8,34.143,2.24
2005/04/2017,10.19,2.42,36.8,0.08,26.8,33.836,1.66
2005/04/2017,10.85,2,25,0.02,21.3,33.77,2.62
2005/04/2018,22,0.33,3,0.01,0,34.068,5.64
2005/05/2001,9.75,2.74,41.3,0.01,28.5,33.877,1.28
2005/04/2023,10.69,2.38,30.2,0.02,25.3,33.787,1.93
2005/04/2021,19.03,0.45,2,0,0,33.6,5.49
2005/04/2020,17.24,0.44,2,0,0,33.676,5.59
2005/04/2019,16.11,0.48,2,0,0,33.698,5.21
2005/04/2022,19.43,0.47,2,0,0,33.588,4.97
2005/04/2027,15.26,0.68,4,0.06,0.8,33.714,5.62
2005/04/2025,19.44,0.47,2,0,0,33.583,5.27
2005/04/2024,10.19,2.44,33.8,0.03,26.2,33.814,1.87
2005/04/2026,10.96,2.18,26.2,0.04,23.4,33.762,2.23
2005/04/2029,18.95,0.45,2,0,0,33.668,5.77
2005/04/2028,11.89,1.82,18.3,0.24,18.6,33.74,3.05
2005/04/2030,20.38,0.44,2,0,0,33.689,5.34
2005/07/2007,12.51,2,29.8,0.06,21.3,34.245,1.86
2005/07/2004,12.5,2.88,38.5,0.04,28,34.321,0.36
2005/07/2002,22.38,0.51,2,0,0,33.927,5.15
2005/07/2001,22.61,0.47,2,0,0,34.07,5.09
2005/07/2003,20.03,0.5,2,0,0,33.807,5.55
2005/07/2005,12.69,2.53,36.9,0.05,26.5,34.279,0.82
2005/07/2006,12.5,2.19,35,0.06,22.9,34.252,1.53
2005/07/2009,12.46,1.62,17.7,0.05,14.2,34.116,3.29
2005/07/2008,13.7,0.57,5.2,0.09,1.7,33.826,5.39
2005/07/2010,16.09,0.44,2,0.01,0,33.457,5.93
2005/11/2014,12.31,3.02,34.6,0.01,29.9,34.208,1.32
2005/07/2017,15.94,0.44,2.1,0.01,0,33.477,5.92
2005/07/2014,14.62,2,19.5,0.1,18.1,34.114,2.11
2005/07/2013,14.58,2.05,20,0.09,18.8,34.129,1.99
2005/07/2012,18.95,0.37,4.7,0.01,0,33.75,5.77
2005/07/2013,21.71,0.37,8,0.01,0,33.968,5.4
2005/07/2016,17.9,0.65,5,0.17,0.2,33.911,4.96
2005/07/2015,15.47,0.98,9,0.38,4.7,33.825,4.51
2005/11/2010,22.2,0.51,4,0,0,33.84,5.16
2005/11/2006,13.15,0.85,9.6,0,4.8,33.651,4.36
2005/11/2005,15.11,0.62,6.1,0.02,0.2,33.623,6.15
2005/11/2004,14.05,0.68,7,0.14,2.2,33.637,5.18
2005/11/2008,18.61,0.57,5.1,0,0,33.705,5.93
2005/11/2007,12.23,2.04,23.9,0,20.8,33.684,2.08
2005/11/2009,21.9,0.52,4.1,0,0,33.827,5.25
2005/11/2012,11.51,3.26,40,0,29.2,34.669,0.17
2005/11/2011,11.55,3.22,39.5,0,29,34.649,0.19
2005/11/2013,22.22,0.42,3,0,0,33.839,5.12
2005/11/2021,11.82,3.14,37.7,0,30.3,34.367,1.01
2005/11/2017,16.43,0.54,2,0,0,33.697,5.9
2005/11/2015,12.84,2.25,24,0.29,22.7,34.041,2.2
2005/11/2016,13.71,1.06,9.7,0.05,8.4,33.871,4.73
2005/11/2019,17.07,0.51,2,0,0,33.643,5.94
2005/11/2018,16.31,0.54,2,0,0,33.704,5.9
2005/11/2020,17.62,0.49,2,0,0,33.71,5.92
2006/02/2005,12.89,0.28,1,0,0,33.573,7.58
2006/02/2004,13.1,0.3,1,0,0,33.521,7.42
2006/02/2004,13.1,0.3,1,0,0,33.521,7.42
2006/02/2007,11.48,1.99,25.9,0.02,23.2,33.561,2.04
2006/02/2006,12.87,0.28,1,0,0,33.579,7.6
2006/02/2008,12.06,1.46,16.2,0.02,16.4,33.627,3.3
2006/02/2007,10.21,1.82,11,0.11,13.9,33.74,4.07
2008/08/2018,13.02,0.5,3,0,1.6,33.53,6.21
2007/04/2008,12.16,0.44,2,0,1.5,33.009,6.27
2006/10/2026,11.63,0.9,9.4,0.18,9.9,33.475,6.01
2006/04/2012,11.82,0.8,2,0.16,6.9,33.343,6.75
2006/04/2004,8.93,2.46,42,0.25,26.7,33.92,2.23
2006/02/2017,20.75,0.4,1,0,0,33.801,5.31
2006/02/2013,18.9,0.4,1,0,0,33.992,5.57
2006/02/2011,18.61,0.42,1,0,0,34.114,5.58
2006/02/2010,17.16,0.42,2,0,0,33.855,5.53
2006/02/2012,18.33,0.2,1.1,0,0,34.021,5.62
2006/02/2015,20.33,0.42,2,0,0,33.785,5.34
2006/02/2014,19.6,0.41,1.6,0,0,33.871,5.46
2006/02/2016,10.53,2.81,40.3,0.01,27,33.874,0.63
2006/04/2001,9.73,2.1,23,0.13,20.6,33.79,3.54
2006/02/2019,11.93,2.69,34.1,0.01,27.8,33.755,0.82
2006/02/2018,11.08,2.76,36,0.01,27.6,33.793,0.96
2006/02/2020,12.02,2.51,30.4,0.03,25.9,33.718,1.29
2006/04/2003,9.11,2.17,34.5,0.19,26,33.868,2.79
2006/04/2002,9.12,2.15,34,0.19,26,33.865,2.82
2006/04/2008,8.77,2.01,33.4,0.06,25.4,33.704,3.07
2006/04/2006,13.43,0.77,1,0.13,5.7,33.546,6.35
2006/04/2005,13.45,0.77,1,0.12,5.7,33.547,6.42
2006/04/2005,13.45,0.77,1,0.12,5.7,33.547,6.42
2006/04/2006,13.43,0.77,1,0.13,5.7,33.546,6.36
2006/04/2007,10.02,1.79,23,0.16,17.9,33.652,3.93
2006/04/2007,12.47,0.89,3.8,0.11,6.3,33.553,6.18
2006/04/2008,9.36,1.99,30.6,0.14,24,33.677,3.39
2006/04/2010,13.56,0.5,0,0.12,5.5,33.339,6.68
2006/04/2009,8.26,2.12,39.6,0.02,27.4,33.76,2.8
2006/04/2009,8.42,2.04,36.1,0.03,26.5,33.732,2.92
2006/04/2010,7.84,2.34,45.8,0.01,29.1,33.821,2.25
2006/04/2011,13.51,0.5,0.1,0.11,5.5,33.338,6.7
2006/04/2011,13.57,0.5,0,0.11,5.4,33.339,6.7
2006/04/2012,12.74,0.61,1.2,0.13,6.3,33.336,6.73
2006/07/2014,15.86,0.3,2,0,0.6,32.813,6.29
2006/04/2018,13.5,0.58,2,0.01,5.1,33.341,6.39
2006/04/2016,8.43,2.06,38.1,0,26.3,33.579,2.81
2006/04/2014,9.47,1.76,27.5,0.23,21.2,33.393,4.12
2006/04/2013,11.56,0.9,4.5,0.17,8.3,33.348,6.51
2006/04/2015,8.68,1.93,34.8,0,25.3,33.514,3.04
2006/04/2017,8.16,2.19,41.4,0,27.3,33.647,2.66
2006/07/2010,12.35,0.28,2.1,0.01,0,32.931,6.47
2006/07/2009,15.84,0.3,2,0.01,0,32.872,5.78
2006/07/2008,15.85,0.3,2,0.01,0,32.835,6.37
2006/07/2012,15.85,0.3,2,0.01,0,32.811,6.3
2006/07/2011,10.84,0.33,2.9,0.02,0,33.005,6.16
2006/07/2013,15.85,0.3,2,0.01,0.1,32.811,6.3
2006/07/2022,10.47,1.21,16,0.04,14,33.488,5.86
2006/07/2018,8.5,1.97,35.7,0,28,33.636,3.25
2006/07/2016,7.95,2.28,45.8,0,32.9,33.762,2.12
2006/07/2015,8.23,2.06,39.7,0,29.8,33.677,2.88
2006/07/2017,15.86,0.3,2,0,0.6,32.813,6.29
2006/07/2020,10.39,1.23,16.6,0.04,14.4,33.489,5.8
2006/07/2019,8.93,1.88,32.3,0.04,26.2,33.596,3.72
2006/07/2021,9.41,1.78,29.9,0.14,24.4,33.557,4.24
2006/10/2022,9.54,0.95,13.6,0.03,12.2,33.151,5.08
2006/07/2024,13.4,0.58,3,0.02,5.1,33.34,6.52
2006/07/2023,11.95,0.88,9.2,0.03,9.2,33.393,6.27
2006/10/2021,10.13,0.6,6.7,0.04,5.3,33.078,5.6
2006/10/2024,14.45,0.3,4,0,3.1,33.416,6.4
2006/10/2023,15.6,0.39,3,0,1.4,33.39,6.29
2006/10/2025,12.98,0.56,6.2,0.08,6.3,33.441,6.23
2007/01/2025,14.13,0.5,1,0.03,1.8,33.254,6.25
2007/01/2013,9.13,1.61,27.3,0,22.9,33.771,3.65
2006/11/2003,15.74,0.44,3,0,1.3,33.283,6.2
2006/10/2030,9.45,1.84,30.7,0,25.7,33.618,3.01
2006/10/2028,10.29,1.26,18.3,0.24,16.4,33.562,4.71
2006/10/2027,10.3,1.24,18,0.25,16.1,33.561,4.77
2006/10/2029,10.07,1.67,25.4,0.03,22.5,33.59,3.55
2006/11/2001,8.24,1.85,36.9,0,27.8,33.679,3.25
2006/10/2031,8.74,1.85,34.3,0,27,33.648,3.08
2006/11/2002,15.74,0.44,3,0,1.3,33.283,6.2
2006/11/2005,13.96,0.39,4,0,1.5,33.264,6.32
2006/11/2004,14.39,0.39,3.7,0,1.5,33.267,6.31
2007/01/2019,10.11,1.44,21,0.07,20,33.662,4.22
2007/01/2016,9.33,1.57,26,0,22.5,33.742,3.72
2007/01/2014,8.91,1.66,29,0,23.5,33.813,3.55
2007/01/2015,8.76,1.76,31.9,0,25.1,33.873,3.25
2007/01/2018,10.86,1.21,15,0.26,15.4,33.591,4.94
2007/01/2022,11.87,0.83,5,0.16,7.3,33.431,6.19
2007/01/2021,11.03,1.14,12.8,0.25,13.8,33.567,5.26
2007/01/2020,9.84,1.49,22.8,0.05,21.1,33.687,4.02
2007/01/2023,12.91,0.57,1.3,0.08,2.5,33.253,6.05
2007/01/2024,15.08,0.44,1,0.02,1.5,33.275,6.42
2007/01/2031,12.79,0.6,6.4,0.06,4.6,33.32,6.04
2007/01/2028,10.18,1.4,20.4,0.13,18.7,33.498,4.63
2007/01/2027,15.44,0.41,1,0.01,0.9,33.228,6.07
2007/01/2026,13.03,0.55,1,0.07,2.1,33.235,6.04
2007/01/2029,9.57,1.62,25.7,0.02,22.6,33.54,3.77
2007/01/2030,9.26,1.88,32,0,25.7,33.583,2.82
2007/04/2004,9.54,1.09,15.9,0.07,14.3,33.374,4.84
2007/03/2028,9.22,1.24,20,0,17.6,33.565,4.43
2007/02/2001,11.65,0.91,10,0.16,9.2,33.428,5.57
2007/04/2002,9.27,1.82,31,0,25.8,33.812,3.4
2007/03/2029,9.24,1.57,26.2,0,22.3,33.714,3.86
2007/04/2003,8.98,1.87,34.6,0,27.5,33.882,2.93
2007/04/2006,10.67,0.44,4,0.21,1.6,32.894,6.11
2007/04/2005,9.88,0.97,13,0.13,11.5,33.226,5.15
2007/04/2007,13.69,0.41,1.1,0,0.7,33.058,6.4
2007/11/2017,15.58,0.3,2,0,0,33.107,5.85
2007/07/2009,7.93,2.15,44.4,0,31.3,34.018,2.34
2007/04/2029,8.42,1.77,35,0,26.2,33.944,3.25
2007/04/2024,8.16,2.04,42,0,29.7,34.022,2.93
2007/04/2013,7.75,2.21,47,0,31.8,34.021,2.56
2007/04/2010,13.86,0.41,1,0,0.6,33.061,6.41
2007/04/2009,10.77,0.44,3.7,0.19,1.6,32.898,6.13
2007/04/2011,14.72,0.39,1.3,0,0.2,32.986,6.24
2007/04/2014,15.96,0.3,2,0,0,32.865,5.86
2007/04/2015,15.33,0.36,2,0,0,32.875,5.97
2007/04/2028,8.7,1.79,33,0,25.8,33.896,3.15
2007/04/2025,7.91,2.14,45.1,0,31,34.021,2.7
2007/07/2002,9.65,1.02,13.3,0,11.5,33.075,5.18
2007/06/2029,8.44,1.65,30.8,0,24.2,33.305,3.84
2007/06/2028,9.21,1.26,18.8,0,17,33.148,4.66
2007/06/2030,16.12,0.3,2,0,0,33.108,5.78
2007/07/2001,16.12,0.3,2,0,0,33.108,5.78
2007/07/2006,15.61,0.33,1,0,0,32.841,6.01
2007/07/2004,12.21,0.35,1.9,0,0,32.944,6.46
2007/07/2003,10.45,0.69,7.3,0,5.1,33.008,5.88
2007/07/2005,15.76,0.31,1.5,0,0,32.841,5.93
2007/07/2008,7.84,2.15,45,0,31.5,34.016,2.37
2007/07/2007,15.92,0.28,2,0,0,32.841,5.86
2007/07/2008,16.68,0.28,2,0,0,32.847,5.87
2007/11/2008,15.97,0.28,2,0,0,33.075,5.61
2007/07/2012,8.75,2.04,39,0,29.7,33.974,2.56
2007/07/2010,8.69,2.06,39.6,0,29.9,33.985,2.5
2007/07/2011,8.31,2.15,42,0,30.6,34.017,2.26
2007/11/2005,15.59,0.33,2,0,0,33.111,5.73
2007/11/2003,15.16,0.32,2.1,0,0,33.118,5.73
2007/07/2013,8.92,1.88,35,0,27.6,33.89,2.87
2007/11/2004,12.49,0.28,3,0,0,33.163,5.74
2007/11/2006,15.96,0.29,2,0,0,33.082,5.63
2007/11/2007,15.97,0.28,2,0,0,33.075,5.61
2007/11/2013,10.06,1.38,19.2,0.03,17.1,33.343,4.17
2007/11/2010,9.09,2.17,38.8,0.03,29.1,33.565,2.09
2007/11/2009,15.96,0.3,2,0,0,33.072,5.64
2007/11/2012,9.73,1.75,27.4,0,23,33.414,3.13
2007/11/2011,15.96,0.3,2,0,0,33.072,5.64
2007/11/2015,13.53,0.28,2.1,0,0,33.151,6.18
2007/11/2014,10.98,0.87,10.5,0.03,8.5,33.275,5.24
2007/11/2016,12.49,0.38,3.8,0.01,0.2,33.211,5.96
2008/01/2029,18.15,0.17,0,0,0,33.61,6.3
2008/01/2019,16.92,0.22,0.5,0,0,33.608,6.49
2008/01/2011,11.42,1.05,14,0.23,11.4,33.584,4.72
2008/01/2007,9.97,1.46,22.3,0.08,19.9,33.615,3.77
2007/11/2018,15.85,0.3,2,0,0,33.107,5.82
2008/01/2009,9.16,1.95,32.8,0,27,33.695,2.73
2008/01/2008,9.5,1.75,27.7,0,24.1,33.654,3.11
2008/01/2010,8.83,2.04,36.8,0,28.7,33.737,2.6
2008/01/2014,18.82,0.22,1,0,0,33.686,5.65
2008/01/2012,12.16,0.65,7.4,0.12,4.9,33.609,5.96
2008/01/2013,14.16,0.3,2,0,0,33.634,6.66
2008/01/2016,10.39,1.59,21.8,0.12,20.4,33.631,3.53
2008/01/2015,9.08,2.23,38.7,0,30.6,33.703,2.09
2008/01/2018,12.81,0.86,10.5,0.08,7.9,33.614,5.14
2008/01/2024,17.75,0.19,0,0,0,33.612,6.45
2008/01/2022,9.27,2.12,34.7,0.03,29.1,33.675,2.38
2008/01/2020,9.56,1.95,29.4,0.08,26.5,33.651,2.77
2008/01/2021,8.87,2.5,43.9,0,33.1,33.772,1.61
2008/01/2023,15.77,0.25,1,0,0,33.604,6.53
2008/01/2026,12.19,0.37,4.7,0.12,1.1,33.212,5.52
2008/01/2025,9.54,1.01,15.1,0,13.5,33.322,4.49
2008/01/2027,10.92,0.66,9,0.08,6.6,33.265,5.03
2008/04/2007,14.08,0.72,2,0.09,5.7,33.55,6.37
2008/03/2031,9.71,1.66,28,0,23.5,33.89,3.26
2008/03/2027,13.11,0.77,6,0,6.5,33.49,5.64
2008/03/2026,15.06,0.36,1,0,0,33.58,6.59
2008/03/2025,15.12,0.55,1,0,0,33.58,6.63
2008/03/2029,8.62,2.35,47,0,32.2,34.21,1.65
2008/03/2028,10.75,1.1,12,0,13,33.39,5.02
2008/03/2030,8.95,2.15,41,0,30.2,34.15,2.15
2008/04/2004,9.28,1.99,36,0,27.7,34.03,2.4
2008/04/2002,10.5,1.35,21,0,18.6,33.74,3.83
2008/04/2001,16.35,0.14,0,0,0,33.6,6.29
2008/04/2003,9.05,2.1,40,0,29.6,34.12,2.2
2008/04/2006,15.78,0.22,0,0,0,33.61,6.52
2008/04/2005,10.78,1.24,19,0,15.9,33.66,4.26
2008/04/2007,8.58,2.1,39.9,0,29.8,33.78,2.48
2008/04/2025,10.36,1.41,18,0.09,16.8,33.65,4.72
2008/04/2023,13.18,0.8,2,0.09,6.5,33.55,6.62
2008/04/2008,15.66,0.22,0,0,0,33.59,6.5
2008/04/2008,12.61,0.55,5,0,3.4,33.59,5.89
2008/04/2024,11.18,1.19,11,0.07,12.9,33.59,5.39
2008/08/2015,11.24,0.58,5,0.07,3.5,33.54,6.1
2008/08/2014,10,1.05,11,0.06,9,33.76,5
2008/08/2016,18.56,0.22,1,0,0,33.62,6.01
2008/08/2017,18.07,0.22,2,0,0,33.59,6
2009/03/2022,15.66,0.3,1,0,0,33.53,6.16
2009/01/2013,8.61,2.24,44,0,31.2,34.17,1.97
2008/10/2024,17.6,0.28,1,0,0,33.62,6
2008/08/2029,8.39,1.63,32,0,24.9,33.91,3.66
2008/08/2026,16.35,0.3,2,0,0,33.13,5.77
2008/08/2022,17.8,0.17,2,0,0,33.56,6.57
2008/08/2020,10.99,0.52,22,0,6.2,33.72,3.74
2008/08/2019,16.24,0.44,3,0,0.8,33.59,6.13
2008/08/2021,17.84,0.17,2,0,0,33.56,6.52
2008/08/2024,8.58,1.93,35,0,27.8,33.97,2.94
2008/08/2023,13.23,1.08,11,0,6.2,33.58,5.04
2008/08/2025,9.29,1.21,19,0,15.6,33.7,4.53
2008/08/2028,7.83,1.96,43,0,29.6,33.97,3.09
2008/08/2027,15.75,0.28,2,0,0,33.12,5.95
2008/10/2018,11.63,0.77,9,0.16,7.1,33.45,5.21
2008/10/2015,9.31,1.9,32,0,26.9,34.02,2.84
2008/10/2014,10.88,1.35,18,0.07,16.7,33.62,3.75
2008/10/2016,8.85,2.01,36,0,28.6,34.04,2.67
2008/10/2017,19.19,0.22,2,0,0,33.58,5.68
2008/10/2021,8.84,2.04,36,0,28.3,34.05,2.6
2008/10/2019,16.67,0.25,1,0,0,33.5,6.36
2008/10/2020,10.8,1.38,18,0.12,17.2,33.63,3.88
2008/10/2023,13.16,0.63,8,0.11,4.5,33.53,5.61
2008/10/2022,8.37,2.32,44,0,31.6,34.12,1.98
2008/10/2030,19.01,0.22,0,0,0,33.57,5.95
2008/10/2028,11.15,1.19,15,0.1,13.8,33.54,4.37
2008/10/2026,9.37,1.99,33,0,26.7,34.01,2.69
2008/10/2025,19.18,0.25,1,0,0,33.64,5.44
2008/10/2027,9.21,2.15,37,0,27.9,34.1,2.36
2008/10/2029,12.12,1.57,10,0.19,6.8,33.49,4.67
2009/01/2011,17.71,0.22,1,0,0,33.62,5.91
2009/01/2008,8.69,2.15,41,0,29.7,34.09,2.42
2009/01/2008,10.65,1.38,20,0.02,17.8,33.62,3.92
2009/01/2009,8.29,2.48,48,0.01,33,34.16,1.89
2009/01/2010,15.66,0.33,1,0,0,33.52,6.13
2009/01/2012,18.28,0.36,1,0,0,33.66,5.82
2009/01/2011,13.45,0.8,9,0.02,6.6,33.47,5.42
2009/03/2014,13.73,0.36,2,0.02,0.4,33.21,6.13
2009/01/2021,11.43,0.66,7,0.06,5.4,33.41,5.69
2009/01/2017,18.22,0.22,2,0,0.1,33.62,6.06
2009/01/2015,10.76,1.35,19,0.14,17.1,33.66,3.84
2009/01/2014,13.15,0.83,10,0.17,7.3,33.58,5.22
2009/01/2016,8.86,2.1,39,0,29,34.03,2.43
2009/01/2019,9.09,2.15,37,0,29.5,34.1,2.35
2009/01/2018,19.46,0.3,0,0,0,33.61,5.79
2009/01/2020,9.45,1.96,31,0,26.6,34.03,2.71
2009/03/2011,16.25,0.3,2,0,0,33.15,5.7
2009/01/2023,17.5,0.25,1,0,0,33.56,5.87
2009/01/2022,12.78,0.28,2,0,0,33.46,6.22
2009/03/2009,14.89,0.3,2,0,0,33.18,5.84
2009/03/2008,15.68,0.28,2,0,0,33.11,5.71
2009/03/2010,10.12,0.83,11,0.01,9,33.4,5.11
2009/03/2012,8.5,1.68,32,0.01,25.7,33.88,3.56
2009/03/2013,9.39,1.1,16,0.01,14.5,33.55,4.68
2009/03/2018,8.04,2.07,42,0,30,34.01,2.82
2009/03/2016,15.2,0.33,2,0,0,33.15,5.33
2009/03/2015,9.29,1.55,24,0.01,21.8,33.67,3.86
2009/03/2014,13.28,0.47,2,0.06,1.5,33.24,6.02
2009/03/2015,8.58,1.93,35,0,28.2,33.94,3.04
2009/03/2017,14.87,0.36,1,0.02,0.2,33.27,6.16
2009/03/2016,15.18,0.28,2,0,0,33.15,6.12
2009/03/2017,14.65,0.28,2,0,0,33.16,6.12
2009/03/2017,13.91,0.33,2,0.02,0.3,33.24,6.06
2009/03/2020,13.65,0.69,5,0.02,4.3,33.53,5.68
2009/03/2019,8.88,1.82,31,0,24.7,33.87,3.22
2009/03/2018,14.9,0.36,1,0.02,0.1,33.27,6.14
2009/03/2021,15.43,0.3,0,0.01,0.4,33.62,6.26
2009/11/2019,17.22,0.28,2,0,0,33.64,5.52
2009/07/2025,8.7,1.77,33,0,26.8,33.88,3.7
2009/07/2018,14.09,0.33,4,0,1.9,33.92,5.44
2009/07/2016,15.85,0.39,3,0,0,33.6,6.08
2009/07/2015,17.68,0.28,0,0,0,33.6,5.52
2009/07/2015,10.45,0.99,15,0,12.9,33.73,4.89
2009/07/2016,11.28,1.05,11,0.24,9.4,33.52,5.06
2009/07/2017,10.53,1.6,19,0.37,17.8,33.59,3.89
2009/07/2017,17.42,0.3,2,0,0.1,33.35,5.7
2009/07/2022,16.05,0.25,2,0,0,33.09,5.84
2009/07/2020,18.69,0.25,2,0,0.1,33.54,5.55
2009/07/2019,16.6,0.22,2,0,0,33.5,6.05
2009/07/2021,16.82,0.3,2,0,0,33.13,5.7
2009/07/2020,18.57,0.25,2,0,0,33.55,5.62
2009/07/2021,10.67,0.8,9,0.01,8,33.24,5.23
2009/07/2023,9.16,1.57,26,0.01,22.3,33.71,3.8
2009/07/2022,9.81,1.02,14,0.01,13.1,33.43,4.9
2009/07/2024,16.85,0.3,2,0,0,33.13,5.7
2009/07/2023,18.69,0.25,2,0,0,33.54,5.51
2009/08/2003,8.65,1.63,31,0.01,25,33.85,3.65
2009/07/2031,16.59,0.28,2,0,0,33.14,5.77
2009/07/2027,8.87,1.66,29,0,25,33.83,3.71
2009/07/2026,16.37,0.25,2,0,0,33.13,5.99
2009/07/2026,16.3,0.22,2,0,0,33.12,5.88
2009/07/2029,9.65,1.16,16,0.01,15.4,33.5,4.48
2009/07/2028,16.37,0.25,2,0,0,33.13,6.01
2009/07/2030,15.35,0.28,2,0,0,33.12,6.08
2009/08/2002,16.59,0.28,2,0,0,33.14,5.8
2009/08/2001,16.58,0.28,2,0,0,33.14,5.76
2009/11/2012,17.44,0.33,3,0.02,0.3,33.62,5.79
2009/11/2008,17.46,0.28,3,0.01,0.2,33.66,5.74
2009/11/2007,17.9,0.39,3,0,0.3,33.71,5.85
2009/11/2006,8.01,2.4,48,0.02,32.2,34.08,1.98
2009/11/2010,8.74,2.26,40,0.01,29.5,34.06,2.24
2009/11/2009,10.62,1.41,20,0.17,17.1,33.71,4.03
2009/11/2011,11.82,1.6,22,0.14,19.5,33.57,3.54
2009/11/2016,10.51,0.63,6,0.04,3.9,33.49,6.03
2009/11/2014,9.22,2.07,33,0,27.2,34.12,2.57
2009/11/2013,9.43,1.93,29,0,24.2,34.03,2.8
2009/11/2015,17.68,0.28,3,0.01,0.2,33.66,5.81
2009/11/2017,11.95,0.33,2,0,0,33.29,5.9
2009/11/2018,19.89,0.28,2,0,0,33.66,5.53
2010/01/2031,9.69,1.55,24,0.09,20,33.79,3.6
2010/01/2019,9.35,1.72,33,0.72,24.5,33.89,2.91
2009/11/2023,9.16,2.35,37,0,29,34.12,2.2
2009/11/2021,10.79,1.57,16,0.4,15.8,33.57,3.94
2009/11/2020,9.48,2.15,33,0,26.9,34.02,2.7
2009/11/2022,11.63,0.75,8,0.08,6.1,33.3,5.79
2010/01/2016,9.16,1.68,38,0.22,24.7,33.95,2.48
2010/01/2014,14.59,0.55,2,0.01,1.7,33.24,6.05
2010/01/2013,8.48,2.16,43,0,28.7,33.91,3.27
2010/01/2015,14.59,0.55,2,0.01,1.7,33.24,6.05
2010/01/2017,9.17,1.68,37.8,0.24,24.7,33.948,2.5
2010/01/2018,9.33,1.73,33,0.75,24.6,33.89,2.9
2010/01/2027,11.76,0.81,16.8,0.09,4.3,33.708,6.44
2010/01/2023,9.81,1.56,29.5,0.2,20.2,33.796,3.53
2010/01/2020,10.52,1.3,24,0.24,15.9,33.76,4.39
2010/01/2025,10.64,1.25,23.2,0.23,14.8,33.754,4.58
2010/01/2024,9.75,1.58,30,0.2,20.5,33.8,3.47
2010/01/2026,11.68,0.84,17,0.1,5.1,33.71,6.27
2010/01/2029,12.16,0.64,15,0.04,0.6,33.7,7.31
2010/01/2028,12.16,0.64,15,0.04,0.6,33.7,7.31
2010/01/2030,7.96,2.59,51,0,34.1,34.14,1.6
2010/04/2030,7.6,2.13,47.4,0,30.7,33.961,2.19
2010/04/2027,14.82,0.51,2,0,0.3,32.98,6.03
2010/02/2001,8.48,2.35,44,0,31,34.09,2
2010/04/2028,14.82,0.51,2,0,0.3,32.98,6.03
2010/04/2029,14.78,0.51,2,0,0.2,32.971,6.05
2010/05/2001,8.4,2.01,38.8,0,28.3,33.922,2.76
2010/05/2002,8.73,1.94,34.1,0,26.1,33.904,3.21
2010/05/2002,14.77,0.51,2,0,0.2,32.97,6.05
2010/05/2002,14.47,0.52,2,0.01,0.6,32.957,6.08
2015/07/2017,12.24,1.16,15,0.02,11.9,33.573,3.76
2012/10/2024,19.03,0.16,0,0,0,33.66,5.42
2011/04/2021,15.11,0.48,2,0.03,0.6,33.503,5.93
2010/11/2008,14.95,0.66,5,0.04,1.6,33.56,5.71
2010/08/2007,8.05,1.79,36,0.13,26.3,33.734,3.5
2010/05/2017,13.76,1.02,11,0.17,9.3,33.349,6.09
2010/05/2013,12.41,1.08,12,0.2,10.3,33.52,6.11
2010/05/2005,10.78,1.54,17.1,0.5,16.8,33.46,5.35
2010/05/2004,8.94,1.73,26.2,0,22.1,33.734,3.77
2010/05/2006,9.52,1.77,31,0.31,22.3,33.836,3.66
2010/05/2015,14.56,0.98,9,0.15,8.4,33.25,6.07
2010/05/2014,12.55,1.08,12,0.2,10.2,33.502,6.11
2010/05/2016,14.56,0.93,8.1,0.13,7.5,33.249,6.07
2010/08/2003,16.63,0.44,1,0,0,33.11,5.72
2010/07/2031,16.58,0.42,1,0,0,33.11,5.77
2010/07/2030,16.58,0.42,1,0,0,33.11,5.77
2010/08/2001,16.51,0.42,1,0.02,0.2,33.111,5.69
2010/08/2002,14.23,0.48,1.7,0.01,0.2,33.129,5.7
2010/08/2005,16.68,0.45,1,0,0,33.11,5.67
2010/08/2004,16.67,0.45,1,0,0,33.11,5.67
2010/08/2006,8.8,1.58,28.7,0.04,21.6,33.672,3.7
2010/08/2016,14.14,0.53,2,0.02,0.8,32.95,6.12
2010/08/2013,10.22,1.29,15,0.61,15,33.398,4.77
2010/08/2010,9.12,1.19,15.9,0.11,15.4,33.642,4.77
2010/08/2008,16.73,0.42,1,0.01,0,33.11,5.7
2010/08/2009,16.73,0.42,1,0.01,0,33.11,5.7
2010/08/2011,9.16,1.17,15,0.12,15,33.64,4.84
2010/08/2012,10.78,0.54,4,0.12,1.4,33.189,6.04
2010/08/2015,14.11,0.53,2,0.02,0.8,32.95,6.12
2010/08/2014,12.12,0.42,2.1,0,0,33.034,6.28
2010/11/2001,10.28,1.65,23,0.06,19.6,33.79,3.47
2010/10/2029,10.01,1.81,26.8,0.05,21.9,33.848,3.08
2010/10/2028,10.2,1.68,23.9,0.06,20.2,33.801,3.39
2010/10/2030,9.79,1.84,28.9,0.03,22.3,33.896,2.81
2010/10/2031,9.77,1.84,29,0.03,22.3,33.9,2.79
2010/11/2005,14.89,0.62,5,0.05,1.7,33.58,5.9
2010/11/2003,13.93,0.83,7.8,0.18,5.6,33.62,5.44
2010/11/2002,10.66,1.49,18.9,0.18,17,33.689,3.9
2010/11/2004,14.9,0.62,5,0.05,1.7,33.575,5.88
2010/11/2007,14.95,0.66,5,0.04,1.6,33.56,5.71
2010/11/2006,14.44,0.72,6.3,0.11,3.5,33.597,5.68
2011/01/2021,9.42,2.01,34.3,0.01,27.2,33.909,2.31
2011/01/2017,16.11,0.36,0,0,0.1,33.64,5.6
2010/11/2012,11.68,0.76,6,0.09,6.7,33.25,5.6
2010/11/2010,11.58,0.78,6.2,0.09,7.1,33.265,5.56
2010/11/2009,9.05,1.54,25.3,0.02,24.1,33.748,3.85
2010/11/2011,10.4,1.03,10.9,0.04,13.2,33.444,4.85
2011/01/2014,9.49,1.73,28.7,0.02,27.7,33.913,2.75
2011/01/2013,9.91,1.57,23.3,0.05,24.8,33.772,3.23
2011/01/2016,14.43,0.63,5.3,0.14,5.3,33.646,5.4
2011/01/2015,9.35,1.78,31,0.01,28.7,33.99,2.58
2011/01/2018,8.63,2.18,44,0.04,29.6,34.19,1.65
2011/01/2017,16.12,0.34,0,0,0.1,33.64,5.84
2011/01/2019,8.96,2.08,39.8,0.05,28.1,34.115,2.07
2011/01/2020,9.46,1.92,32.9,0.03,26.2,33.839,2.4
2011/01/2030,9.61,1.87,30.8,0.02,24,33.964,2.53
2011/01/2027,15.27,0.38,0,0,0,33.64,6.86
2011/01/2023,9.63,1.88,30.1,0.02,24.7,33.772,2.73
2011/01/2022,9.35,2.06,35.4,0.01,27.5,33.98,2.25
2011/01/2025,12.66,0.95,9.8,0.07,9.9,33.655,5.11
2011/01/2024,9.97,1.74,25.7,0.04,23.2,33.712,3.09
2011/01/2026,10.56,1.52,20.5,0.12,20.2,33.672,3.64
2011/01/2028,15.27,0.38,0,0,0,33.64,6.86
2011/01/2027,14.85,0.4,0,0,0,33.64,6.61
2011/01/2029,9.6,1.87,31,0.02,24.2,33.97,2.51
2011/04/2014,8.9,1.73,29,0.01,26.1,33.86,3.27
2011/04/2010,15.06,0.51,1,0,0.9,33.17,5.83
2011/04/2009,15.06,0.51,1,0,0.9,33.17,5.83
2011/04/2012,15.07,0.51,1,0.02,1,33.17,5.83
2011/04/2011,15.07,0.51,1,0.02,1,33.17,5.83
2011/04/2013,15.07,0.5,1,0.02,1.1,33.184,5.81
2011/04/2018,11.5,0.67,5.5,0.13,5.2,33.565,5.49
2011/04/2016,9.18,1.58,24,0.02,23.4,33.723,3.73
2011/04/2015,8.91,1.73,28.8,0.01,26.1,33.854,3.28
2011/04/2017,14.75,0.49,2,0.04,0.7,33.525,5.9
2011/04/2020,15.06,0.47,2,0.03,0.6,33.508,5.93
2011/04/2019,9.63,1.23,16.2,0.06,16.5,33.629,4.48
2012/02/2002,10.61,1.41,19.1,0.09,19.9,33.664,3.74
2011/08/2011,14.39,0.49,1.2,0.02,1,33.244,5.86
2011/08/2001,14.49,0.74,6.7,0.2,5,33.664,5.14
2011/04/2025,8.92,1.87,34.8,0.01,30.8,34.038,2.47
2011/04/2023,8.51,2.02,39.6,0.01,33.3,34.101,2.18
2011/04/2022,15.13,0.49,2,0.03,0.5,33.5,5.93
2011/04/2024,15.13,0.49,3,0.04,0.5,33.51,5.91
2011/07/2029,9.4,1.91,36.3,0.02,26.5,34.053,2.33
2011/07/2027,9.81,1.73,29,0.08,22.8,33.889,2.92
2011/04/2026,9.17,1.82,32.8,0.01,29.6,34.008,2.54
2011/07/2028,9.44,1.87,36,0.02,26.3,34.05,2.36
2011/07/2031,11.63,1.29,17.2,0.17,14.5,33.745,4.04
2011/07/2030,9.25,2.04,37.4,0.03,27.2,34.064,2.19
2011/08/2007,10.1,0.92,9,0.13,11.4,33.58,4.97
2011/08/2003,8.63,1.65,28,0.03,26,33.687,3.49
2011/08/2002,17.56,0.35,0.7,0.01,0.2,33.63,3.7
2011/08/2005,18.38,0.27,0,0,0,33.63,2.88
2011/08/2004,18.65,0.29,0,0.01,0,33.63,5.97
2011/08/2006,9.51,1.15,14.6,0.07,16.3,33.611,4.5
2011/08/2009,10.82,0.96,9,0.24,10.4,33.421,5.66
2011/08/2008,10.17,0.92,9,0.15,11.3,33.56,5.05
2011/08/2010,11.55,0.6,3.5,0.06,2.2,33.319,6.12
2011/10/2027,17.94,0.38,1.4,0,0.3,33.589,6.07
2011/10/2021,9.35,2,34,0,27.7,33.95,2.25
2011/10/2017,9,2.7,57,0.09,39.3,34.15,1.54
2011/08/2012,15.07,0.5,1,0.02,1.1,33.201,5.8
2011/10/2016,8.91,2.68,57.8,0.03,38.5,34.166,1.47
2011/10/2019,15.03,0.8,6,0.07,3.7,33.61,5.88
2011/10/2018,8.89,2.67,58,0.01,38.3,34.17,1.45
2011/10/2020,9.12,2.31,44.3,0.01,33.2,34.04,2.01
2011/10/2023,11.84,1.46,18.3,0.12,14.9,33.607,4.36
2011/10/2022,9.7,1.89,30.5,0,25.1,33.861,2.57
2011/10/2025,10.33,1.55,23.8,0,19.5,33.774,3.24
2011/10/2024,10.52,1.48,22,0,18.3,33.76,3.44
2011/10/2026,16.64,0.68,2.8,0,0.5,33.577,5.84
2011/10/2031,18.38,0.47,0,0,0.1,33.6,6.25
2011/10/2029,18.38,0.47,0,0,0.1,33.6,6.25
2011/10/2028,18.39,0.29,0,0,0.1,33.61,6.28
2011/10/2030,18.39,0.31,0,0,0.1,33.609,6.28
2012/01/2029,9.98,1.74,28.1,0,26.5,33.822,2.88
2012/01/2028,10.16,1.67,25.7,0,25.1,33.772,3.04
2011/11/2001,9.04,2.09,40.6,0.04,28.1,34.088,1.92
2012/01/2031,10.3,1.58,23.2,0.01,23.5,33.723,3.24
2012/01/2030,19.6,0.2,0,0,0.1,33.66,5.8
2012/02/2001,10.52,1.44,20,0.04,20.7,33.68,3.62
2012/04/2006,9.91,1.79,28.5,0,27.7,33.845,2.79
2012/02/2012,12.97,0.98,10.6,0.14,8.3,33.609,5.1
2012/02/2008,10.39,1.63,22.7,0.21,20.5,33.709,3.47
2012/02/2004,15.44,0.38,3,0,0,33.47,6.13
2012/02/2003,18.19,0.16,0,0,0,33.52,6.3
2012/02/2006,9.74,1.76,28,0.11,23,33.9,2.8
2012/02/2005,14.1,0.62,5,0.07,2,33.482,5.52
2012/02/2007,9.75,1.76,27.8,0.1,23,33.888,2.81
2012/02/2010,11.6,1.23,15.8,0.24,14.2,33.643,4.3
2012/02/2009,10,1.69,25.3,0.1,22.1,33.796,3.08
2012/02/2011,11.7,1.17,15,0.22,13.4,33.64,4.36
2012/04/2001,9.85,1.85,30,0,28.5,33.93,2.64
2012/03/2028,16.39,0.32,2,0,0,33.54,4.89
2012/03/2026,15.64,0.47,4,0,1.3,33.55,4.91
2012/03/2025,16.39,0.32,2,0,0,33.54,4.89
2012/03/2027,15.46,0.49,4.3,0.01,1.6,33.552,4.91
2012/03/2030,9.51,1.98,35.7,0,31.3,33.973,2.21
2012/03/2029,9.42,2.14,38.8,0,32.5,34.027,1.87
2012/03/2031,9.7,1.9,32.8,0,30,33.947,2.42
2012/04/2003,16.15,0.4,1.4,0.03,2.7,33.642,5.71
2012/04/2002,19.61,0.16,0,0,0.1,33.66,5.81
2012/04/2004,10.19,1.54,21.9,0.03,23.1,33.678,3.5
2012/07/2021,9.98,1.68,27.2,0,24.2,33.864,2.68
2012/07/2013,13.98,0.5,3.8,0.07,3.4,33.635,6.32
2012/07/2010,12.05,0.8,6.7,0.16,8.3,33.796,5.52
2012/07/2003,10.55,1.44,19,0.09,19.7,34.102,3.8
2012/07/2011,10.28,1.65,23.5,0.09,22.3,33.977,3.11
2012/07/2012,10.25,1.71,25,0.09,22.9,33.87,2.87
2012/07/2017,9.2,2.06,37.7,0,31.2,34.014,2
2012/07/2015,16.27,0.34,2,0,0,33.46,6.82
2012/07/2014,16.01,0.32,2,0,0,33.46,6.83
2012/07/2016,17.82,0.49,2,0,0,33.46,6.64
2012/07/2019,9.56,2.01,33.7,0,29.2,33.938,2.4
2012/07/2018,17.82,0.49,2,0,0,33.46,6.64
2012/07/2020,9.81,1.83,29.9,0,26.9,33.901,2.58
2012/07/2025,12.01,0.96,10,0.23,9.3,33.6,4.54
2012/07/2023,10.05,1.63,26,0,23.1,33.85,2.72
2012/07/2022,10.19,1.59,23.8,0,22.2,33.781,3.02
2012/07/2024,10.8,1.31,16.9,0.1,17,33.672,3.75
2012/10/2020,18.99,0.14,0,0,0.1,33.66,5.54
2012/07/2026,13.62,0.73,6.9,0.15,5,33.572,4.81
2012/10/2019,18.99,0.14,0,0,0.1,33.66,5.15
2012/10/2022,12.06,0.54,8.4,0.02,3.5,33.637,5.1
2012/10/2021,17.2,0.23,1.1,0,0.1,33.648,5.64
2012/10/2023,19.03,0.16,0,0,0,33.66,5.42
2014/04/2009,19.38,0.32,0,0,0,33.63,5.51
2013/07/2012,12.46,0.61,4.4,0.3,2.4,33.34,5.9
2013/01/2025,10.6,0.88,16.7,0.01,10.8,33.681,4.07
2012/11/2005,18.07,0.29,1.4,0.02,0.4,33.574,6.19
2012/10/2030,20.31,0.25,0,0.01,0.1,33.594,5.66
2012/10/2026,11.06,1.29,17.2,0.37,15.9,33.532,4.34
2012/10/2025,9.37,1.87,31.7,0.03,25.4,33.516,2.85
2012/10/2028,8.99,2.09,38.1,0.01,27.7,33.576,2.37
2012/10/2027,9.15,1.98,34.8,0.02,26.5,33.536,2.61
2012/10/2029,20.3,0.25,0,0.01,0.1,33.59,5.67
2012/11/2003,10,1.84,29.5,0.04,25.4,33.943,2.59
2012/11/2001,9.61,1.95,34.6,0.08,27.9,34.036,2.27
2012/10/2031,20.35,0.25,0,0,0.1,33.62,5.62
2012/11/2002,20.35,0.25,0,0,0.1,33.62,5.62
2012/11/2004,10.15,1.77,26.9,0.07,23.9,33.897,2.72
2013/01/2018,18.48,0.23,1,0,0,33.58,5.61
2013/01/2014,15.47,0.45,2.1,0.09,2.3,33.598,5.29
2013/01/2012,10.61,1.08,17.2,0.05,11.7,33.695,3.92
2013/01/2011,11.93,0.73,7.6,0.15,5.8,33.624,5.07
2013/01/2013,9.81,1.53,27.1,0,18.2,33.833,2.97
2013/01/2016,18.49,0.23,0,0,0,33.59,5.36
2013/01/2015,17.13,0.33,0.6,0.04,0.9,33.592,5.34
2013/01/2017,18.49,0.23,0.1,0,0,33.589,5.39
2013/01/2022,9.38,1.41,32,0.03,19.8,33.97,2.67
2013/01/2020,8.8,1.82,40.5,0.02,25.5,34.045,2.04
2013/01/2019,18.48,0.23,1,0,0,33.58,5.61
2013/01/2021,9.08,1.69,35.4,0.01,24.2,33.998,2.41
2013/01/2024,9.89,1.22,25.8,0.01,17,33.804,3.14
2013/01/2023,9.3,1.47,32.9,0.03,20.8,33.975,2.6
2013/04/2017,15.79,0.42,1,0,0,33.4,5.83
2013/04/2010,15.5,0.41,1,0,0,33.383,5.83
2013/04/2008,10.43,0.72,10.6,0.06,8.1,33.455,5.01
2013/04/2007,8.97,1.6,38.4,0.05,23.4,33.704,2.62
2013/04/2009,12.8,0.41,3.1,0.04,0.3,33.396,5.94
2013/04/2013,9.14,1.48,29.9,0.03,21,33.656,3.35
2013/04/2011,9.49,1.21,19.6,0.06,16.6,33.578,4.25
2013/04/2012,8.87,1.84,43,0.02,27.3,33.802,2.16
2013/04/2015,15.26,0.4,1,0,0,33.382,5.84
2013/04/2014,9.45,1.23,21,0.06,17,33.62,4.15
2013/04/2016,15.79,0.42,1,0,0,33.4,5.83
2013/04/2023,9.56,1.66,32,0,19.9,34.01,2.52
2013/04/2020,9.13,1.91,37.3,0.01,21.8,34.035,2.16
2013/04/2019,15.77,0.42,1,0,0,33.39,5.81
2013/04/2018,15.75,0.42,1,0,0,33.389,5.81
2013/04/2022,9.48,1.71,33,0,20.3,34.014,2.44
2013/04/2021,8.83,2.08,43.2,0.02,25,34.079,1.83
2013/07/2008,17.49,0.4,1,0,0,33.23,5.6
2013/07/2007,8.13,1.84,41.3,0,26.7,33.642,3.25
2013/07/2006,9.25,1.43,23.6,0,19.3,33.52,4.24
2013/07/2010,9.59,1.31,18.3,0,16.6,33.459,4.59
2013/07/2009,17.49,0.4,1,0,0,33.23,5.6
2013/07/2011,9.62,1.3,18,0,16.4,33.3,4.61
2014/01/2030,8.49,1.96,40.5,0.01,26,33.863,3
2013/11/2014,17,0.76,2,0.21,0,33.14,5.42
2013/07/2020,15.02,0.47,1.1,0,0,33.282,6.11
2013/07/2016,16.42,0.45,1.1,0,0,33.168,5.91
2013/07/2014,15.89,0.45,1,0,0,33.236,6.01
2013/07/2013,15.88,0.45,1,0,0,33.24,6.01
2013/07/2015,16.08,0.45,1,0,0,33.198,5.97
2013/07/2018,16.89,0.45,2,0,0,33.16,5.86
2013/07/2017,16.35,0.45,1,0,0,33.17,5.92
2013/07/2019,16.89,0.45,2,0,0,33.16,5.86
2013/11/2010,16.76,0.93,3,0.03,0,33.128,5.65
2013/11/2009,16.82,0.82,3,0.01,0,33.13,5.64
2013/07/2021,10.63,0.9,9.4,0,9,33.399,5.31
2013/11/2012,16.84,0.81,2.9,0.03,0,33.131,5.61
2013/11/2011,16.69,1.01,3,0.06,0,33.13,5.66
2013/11/2013,17,0.76,2,0.21,0,33.14,5.42
2013/11/2022,17.14,0.4,1,0,0,33.23,5.61
2013/11/2018,11.73,0.75,5.3,0.05,4.8,33.292,5.5
2013/11/2016,10.53,1.05,10.9,0.01,10.3,33.362,4.98
2013/11/2015,8.77,1.74,30,0,23.1,33.522,3.24
2013/11/2017,9.64,1.41,19.2,0.01,16.9,33.414,4.14
2013/11/2020,17.08,0.41,1,0,0,33.223,5.62
2013/11/2019,12.72,0.53,2.8,0.04,1.3,33.243,5.96
2013/11/2021,14.56,0.42,1.7,0,0,33.22,6.07
2013/11/2025,10.79,0.96,9,0.01,8.6,33.35,5.18
2013/11/2024,17.01,0.42,1,0,0,33.219,5.63
2013/11/2023,17.19,0.4,1,0,0,33.23,5.61
2014/01/2029,9.72,1.4,21.1,0.01,15.3,33.579,4.15
2014/02/2005,14.91,0.79,3,0.07,0,33.145,5.99
2014/02/2002,10.99,1.21,13,0,8.8,33.37,4.98
2014/02/2001,10.76,1.24,14.2,0,9.9,33.407,4.84
2014/01/2031,21.19,0.23,0,0,0,33.78,5.5
2014/02/2004,12.94,0.74,4.1,0.07,0.9,33.191,5.94
2014/02/2003,11.74,0.92,7.3,0.05,4.3,33.273,5.46
2014/04/2005,13.21,0.64,3,0.1,1.9,33.577,5.75
2014/04/2002,10.08,1.51,22,0.03,14.3,33.69,3.55
2014/03/2029,10.9,1.12,12.2,0.08,8.6,33.597,4.67
2014/04/2003,9.76,1.65,27,0.03,16.6,33.84,3.11
2014/04/2004,19.17,0.2,2,0,0,33.63,5.68
2014/04/2007,18.28,0.35,0.3,0,0,33.612,5.74
2014/04/2006,16.57,0.41,0.9,0,0,33.595,5.98
2014/04/2008,19.41,0.34,0,0,0,33.63,5.49
2015/01/2022,15.6,0.19,3.8,0.04,0.7,33.423,5.91
2014/07/2021,10.21,1.42,25.1,0.01,20.8,33.771,3.27
2014/07/2010,20.41,0.33,1,0,0,33.557,5.76
2014/04/2017,19.38,0.32,0,0,0,33.63,5.51
2014/04/2013,21.15,0.23,0,0,0,33.78,5.52
2014/04/2011,10.66,1.33,19.9,0.04,13.8,33.651,3.88
2014/04/2010,19.41,0.34,0,0,0,33.63,5.49
2014/04/2012,11.35,1.01,13.4,0.12,9.7,33.652,4.75
2014/04/2015,21.15,0.23,0,0,0,33.78,5.52
2014/04/2014,18.77,0.29,0.9,0,0,33.743,6.1
2014/04/2016,21.19,0.23,0,0,0,33.78,5.5
2014/07/2007,13.23,0.54,3,0,0,33.416,6.18
2014/07/2006,13.52,0.49,2.7,0,0,33.428,6.1
2014/07/2009,15.31,0.39,2,0,0,33.451,7.1
2014/07/2008,12.65,0.85,6.3,0.14,2.5,33.432,5.46
2014/07/2018,16.23,0.26,3,0.03,0,33.54,6.2
2014/07/2014,9.55,1.84,36,0,28,34.07,2.46
2014/07/2012,9.46,1.87,36,0,28.1,34.095,2.4
2014/07/2011,9.44,1.88,36,0,28.1,34.1,2.39
2014/07/2013,9.64,1.84,35,0,27.3,33.96,2.51
2014/07/2016,10.6,1.04,20.9,0.09,17.7,33.679,3.73
2014/07/2015,9.8,1.65,31.1,0,24.6,33.865,2.8
2014/07/2017,11.5,0.93,11.8,0.13,9.5,33.552,4.91
2014/07/2020,17.73,0.23,2.5,0.01,0,33.572,6.03
2014/07/2019,10.68,0.98,20,0.12,17.1,33.66,3.75
2014/11/2019,19.26,0.37,1,0,0,33.515,5.75
2014/11/2012,10.77,1.79,23.4,0.02,19.5,33.574,2.97
2014/11/2009,10.63,1.85,24.7,0.02,20.6,33.639,2.91
2014/11/2008,10.44,1.9,25.9,0.02,21.5,33.707,2.89
2014/11/2010,10.22,2.14,31.6,0.01,24,33.853,2.32
2014/11/2011,20.89,0.33,1,0,0,33.666,5.32
2014/11/2015,13.73,0.51,1.4,0.03,1,33.386,6.1
2014/11/2013,10.9,1.58,21,0.08,17.2,33.512,3.39
2014/11/2014,11.45,1.09,12,0.31,11.1,33.859,4.52
2014/11/2017,15.16,0.43,0.1,0,0,33.372,6.27
2014/11/2016,12.82,0.64,2.8,0.09,3.2,33.408,5.83
2014/11/2018,19.26,0.37,1,0,0,33.515,5.75
2015/01/2016,10.27,1.66,27.8,0.01,21.2,33.636,2.71
2014/11/2023,14.55,0.44,0,0,0,33.367,6.34
2014/11/2021,10.93,1.5,19,0.16,15.8,33.602,3.78
2014/11/2020,10.79,1.64,21,0.13,17.4,33.817,3.47
2014/11/2022,11.34,1.5,16,0.38,13,33.501,4.02
2015/01/2015,10.02,1.76,34.4,0.03,24.3,33.747,2.11
2015/01/2019,10.74,1.67,26.7,0.04,20.7,33.583,2.55
2015/01/2017,20.22,0.15,1,0,0,33.654,5.34
2015/01/2018,20.22,0.15,1,0,0,33.654,5.34
2015/01/2020,10.93,1.55,23.8,0.04,19.1,33.531,2.82
2015/01/2021,10.98,1.09,16.6,0.07,14.1,33.481,4.04
2015/04/2015,12.7,0.42,4.1,0.03,1.3,33.441,6.07
2015/02/2001,17.71,0.28,0.5,0,0,33.676,5.93
2015/01/2028,10.39,2.03,30.7,0.02,23,33.96,2.37
2015/01/2024,18.25,0.04,2,0,0,33.452,5.95
2015/01/2023,12.7,0.41,6,0.1,1.4,33.393,5.88
2015/01/2026,9.75,2.19,34.7,0.01,24.8,34.029,2.39
2015/01/2025,18.43,0.11,1,0,0,33.464,5.83
2015/01/2027,10.22,2.1,31.8,0.02,23.6,33.982,2.31
2015/01/2030,10.85,1.32,16.5,0.05,14.8,33.752,4.19
2015/01/2029,10.49,1.98,30,0.02,22.6,33.946,2.41
2015/01/2031,10.54,1.85,27.4,0.02,21.5,33.881,2.75
2015/04/2008,20.83,0.22,1,0.01,0,33.66,5.3
2015/04/2004,18,0.27,1,0.01,0,33.642,5.96
2015/02/2002,20.37,0.22,0,0,0,33.685,5.5
2015/04/2006,10.35,1.61,21,0.07,18.5,33.711,3.61
2015/04/2005,11.56,1.05,11.4,0.19,10.4,33.629,4.78
2015/04/2007,10.27,2.09,29.9,0.03,23.3,33.934,2.61
2015/04/2011,9.54,1.66,28.9,0.02,20.8,33.686,3
2015/04/2009,20.83,0.22,1,0.01,0,33.661,5.3
2015/04/2010,20.83,0.22,1,0,0,33.668,5.33
2015/04/2013,9.68,1.41,23.2,0.02,18,33.628,3.68
2015/04/2012,20.83,0.22,1,0,0,33.668,5.33
2015/04/2014,10.13,1.16,17,0.02,14.2,33.571,4.23
2015/07/2009,20.16,0.17,1,0.01,0,33.56,5.52
2015/04/2019,20.09,0.2,1,0,0,33.627,5.32
2015/04/2017,17.47,0.23,1.1,0,0,33.515,5.82
2015/04/2016,11.02,0.89,10.8,0.08,9.2,33.435,4.85
2015/04/2018,19.26,0.21,1,0,0,33.567,5.51
2015/07/2008,20.16,0.17,1,0.01,0,33.56,5.52
2015/07/2013,10.75,2.03,30.6,0.01,19.6,34.071,2.03
2015/07/2011,20.16,0.15,1,0.02,0,33.552,5.56
2015/07/2012,19.03,0.19,1.5,0.02,0,33.483,5.72
2015/07/2012,17.35,0.24,2,0.01,0,33.426,5.9
2015/07/2015,11.44,1.58,21,0.02,16.2,33.855,2.99
2015/07/2014,11.31,1.69,23.3,0.02,17,33.935,2.75
2015/07/2016,13.2,0.59,8.7,0.15,2.4,33.437,5.36
2018/02/2008,15.07,0.05,1.2,0,0,33.751,5.52
2016/11/2011,19.57,0.16,2,0.01,0,33.452,5.4
2016/01/2021,18.53,0.23,1.5,0.03,0,33.447,5.54
2015/11/2011,15.78,0.31,5,0.02,0,33.384,5.98
2015/11/2003,17.96,0.17,4,0.01,0,33.424,6.17
2015/07/2024,11.53,1.51,19.8,0.02,15.4,33.767,3.1
2015/07/2020,10.26,2.28,34.6,0.02,25.6,34.042,2
2015/07/2019,10.25,2.2,32,0.03,24.2,34.03,2.37
2015/07/2018,11.72,1.42,18.5,0.02,14.3,33.673,3.15
2015/07/2022,16.72,0.17,6,0,0,33.434,6.43
2015/07/2021,10.27,2.4,36,0.02,26.5,34.06,1.73
2015/07/2023,13.68,0.37,6,0.02,0,33.395,5.92
2015/10/2031,9.73,1.55,22.8,0.04,16.4,33.517,3.79
2015/10/2029,8.88,2.04,37.5,0.03,22.1,33.663,2.59
2015/10/2030,19.31,0.24,2,0.02,0,33.456,5.24
2015/11/2001,10.49,1.17,14.2,0.06,11.7,33.476,4.4
2015/10/2031,9.3,1.87,31.1,0.03,19.9,33.561,3.27
2015/11/2002,11.5,0.87,8.4,0.12,7,33.44,4.95
2015/11/2007,13.03,0.35,2.4,0.05,0.5,33.445,6.12
2015/11/2005,11.78,0.69,6.5,0.28,3.9,33.472,5.35
2015/11/2004,9.86,1.4,18.6,0.13,11.5,33.542,4.05
2015/11/2006,10.59,1.2,13.7,0.24,7.8,33.504,4.49
2015/11/2009,9.62,1.58,23.5,0,14.8,33.584,3.53
2015/11/2008,17.1,0.24,2,0.01,0,33.427,5.93
2015/11/2010,18.65,0.2,3,0.01,0,33.459,5.97
2016/01/2014,10.03,1.2,16.6,0.06,10.3,33.552,4.44
2016/01/2011,19.38,0.22,2,0,0,33.387,5.39
2016/01/2007,14.7,0.24,1.9,0,0,33.358,5.91
2015/11/2012,17.01,0.21,4.6,0.01,0,33.396,6.07
2016/01/2009,11.67,0.77,9.1,0.06,5.8,33.36,4.81
2016/01/2008,13.03,0.43,3.9,0.06,1.6,33.354,5.5
2016/01/2010,10.65,1.14,16.1,0.02,10.8,33.376,4.11
2016/01/2012,19.44,0.2,1.5,0,0,33.393,5.38
2016/01/2013,19.5,0.17,1,0,0,33.41,5.37
2016/01/2017,11.84,0.7,7.8,0.08,4.6,33.489,5.08
2016/01/2016,10.67,0.98,12.1,0.07,8,33.518,4.68
2016/01/2015,19.68,0.17,1,0,0,33.411,5.17
2016/01/2019,15.48,0.26,1,0.04,0,33.445,5.95
2016/01/2018,13.78,0.36,2.8,0.05,0,33.465,5.75
2016/01/2020,15.63,0.26,1,0.04,0,33.444,5.97
2016/04/2016,19.87,0.33,2,0,0,33.459,5.32
2016/04/2008,19.05,0.34,1.5,0,0,33.384,5.43
2016/01/2024,19.31,0.24,2,0.02,0,33.456,5.24
2016/01/2023,19.3,0.24,2,0.03,0,33.46,5.36
2016/01/2022,19.3,0.24,2,0.03,0,33.46,5.38
2016/04/2004,18.5,0.24,1,0,0,33.352,5.5
2016/04/2002,18.14,0.25,1,0,0,33.311,5.54
2016/04/2001,17.36,0.26,1,0,0,33.267,5.67
2016/04/2003,14.86,0.24,1,0.01,0,33.192,6.13
2016/04/2006,11.39,0.81,8.7,0,5.6,33.386,4.88
2016/04/2005,18.5,0.26,1,0,0,33.346,5.5
2016/04/2007,13.26,0.33,1.8,0,0,33.323,5.89
2016/04/2013,9.26,1.55,28.3,0.01,16.1,33.438,3.6
2016/04/2011,17.81,0.33,1,0,0,33.287,5.6
2016/04/2010,15.57,0.28,1,0,0,33.3,5.95
2016/04/2009,12.36,0.5,4,0,1.5,33.351,5.46
2016/04/2012,19.85,0.35,2,0,0,33.458,5.33
2016/04/2015,19.85,0.35,2,0,0,33.458,5.33
2016/04/2014,19.87,0.33,2,0,0,33.459,5.32
2016/07/2021,8.84,1.75,32.7,0.13,16.9,33.497,3.08
2016/07/2014,10.01,1.08,15.9,0.03,13.4,33.543,4.45
2016/07/2011,9.59,1.36,22,0.02,17.2,33.601,3.87
2016/07/2010,9,1.71,32,0.02,21.3,33.725,3.15
2016/07/2012,19.82,0.15,1,0,0,33.536,5.34
2016/07/2013,19.75,0.13,1,0,0,33.532,5.35
2016/07/2018,15.39,0.3,4.5,0.09,0.1,33.395,5.93
2016/07/2016,11.64,0.55,5.2,0.1,4.9,33.436,5.45
2016/07/2015,10.64,0.81,10,0.07,9.3,33.488,4.98
2016/07/2017,16.22,0.28,5,0.01,0,33.426,6.05
2016/07/2020,17.44,0.24,4,0,0,33.414,5.92
2016/07/2019,14.7,0.31,4,0.16,0.2,33.348,5.77
2016/07/2025,13.1,0.28,1.9,0.01,0,33.233,5.92
2016/07/2023,10.72,0.69,10.5,0.05,5.2,33.326,4.96
2016/07/2022,11.83,0.46,4.6,0.06,2.3,33.277,5.59
2016/07/2024,9.81,0.96,18.3,0.01,8.2,33.378,4.19
2016/11/2007,15.06,0.27,3,0.1,0,33.373,5.93
2016/07/2026,14.77,0.24,1,0.01,0,33.193,6.12
2016/11/2006,14.81,0.28,3,0.1,0,33.374,5.95
2016/11/2009,10.8,1.17,17.4,0.11,16.3,33.461,3.57
2016/11/2008,11.98,0.76,10.1,0.13,9.1,33.415,4.63
2016/11/2010,19.39,0.15,2,0.01,0,33.412,5.43
2017/04/2010,11.85,0.79,9.2,0.09,4.2,34.222,4.99
2017/01/2015,20.81,0.15,2,0,0,33.636,5.3
2016/11/2020,14.09,0.24,2,0,0,33.174,6.09
2016/11/2016,10.18,1.55,26,0.04,20.1,33.41,3.19
2016/11/2013,19.58,0.17,2,0.01,0,33.498,5.4
2016/11/2012,19.58,0.17,2,0.01,0,33.494,5.41
2016/11/2015,9.75,1.94,35.5,0.06,24.6,33.545,2.26
2016/11/2014,19.58,0.17,2,0.01,0,33.498,5.4
2016/11/2018,11.44,0.75,9.8,0.12,7.8,33.286,4.95
2016/11/2017,10.76,1.16,17.7,0.08,14.6,33.346,4.05
2016/11/2019,12.37,0.43,4.5,0.14,1.9,33.229,5.68
2017/01/2009,10.53,1.17,17.4,0.03,16,33.641,3.84
2017/01/2006,9.94,1.42,23.2,0.03,19.8,33.652,3.37
2016/11/2021,17.74,0.17,1.5,0,0,33.436,5.7
2017/01/2007,9.48,1.55,27.3,0.02,21.8,33.669,3.21
2017/01/2008,8.75,1.77,35.2,0.04,25.2,33.722,2.74
2017/01/2012,20.81,0.16,2,0,0,33.633,5.3
2017/01/2010,11.77,0.73,9.6,0.03,8.7,33.634,5.02
2017/01/2011,20.82,0.17,2,0,0,33.632,5.31
2017/01/2014,20.81,0.15,2,0,0,33.636,5.3
2017/01/2013,20.82,0.17,2,0,0,33.632,5.31
2017/04/2005,13.72,0.57,9,0.04,0.9,33.6,4.45
2017/03/2029,11.18,1.92,30,0.06,20.3,34.052,1.87
2017/01/2019,9.82,1.56,28.4,0.07,22.7,33.563,2.78
2017/01/2017,20.82,0.17,2,0,0,33.64,5.27
2017/01/2016,20.82,0.17,2,0,0,33.64,5.27
2017/01/2018,9.23,1.77,35.5,0.09,25.1,33.679,2.38
2017/01/2020,10.27,1.4,23.3,0.08,20,33.511,3.12
2017/04/2002,11.61,1.4,24.3,0.11,15.1,33.933,2.46
2017/03/2031,20.92,0.17,6,0.05,0,33.68,5
2017/03/2030,10.18,2.27,40,0.15,22,34.266,1.32
2017/04/2001,20.92,0.15,6,0.06,0,33.679,5.01
2017/04/2003,12.01,0.91,18.7,0.11,9.7,33.819,3.15
2017/04/2004,12.52,0.64,13.6,0.03,5.6,33.709,3.8
2017/04/2007,15.21,0.32,3.2,0.01,0,33.544,5.75
2017/04/2006,13.66,0.57,9.2,0.04,1,33.604,4.41
2017/04/2008,17.5,0.28,3.6,0.01,0,33.568,5.69
2017/04/2009,19.91,0.24,5,0.02,0,33.631,5.38
2017/08/2013,20.9,0.14,6,0.11,0,33.682,4.99
2017/04/2020,20.4,0.26,1,0,0,33.553,5.43
2017/04/2015,20.39,0.24,2,0,0,33.535,5.45
2017/04/2012,13.74,0.42,3.3,0.1,0.8,34.055,5.73
2017/04/2011,10.19,1.25,17.2,0.01,8.9,34.361,4.19
2017/04/2011,21.13,0.28,5,0.03,0,33.717,5.23
2017/04/2013,15.81,0.24,1,0,0,33.636,6.22
2017/04/2014,15.1,0.32,1.9,0,0,33.86,6.08
2017/04/2018,20.39,0.24,1.9,0,0,33.537,5.45
2017/04/2017,19.8,0.24,1.7,0,0,33.489,5.53
2017/04/2016,18.7,0.24,1,0,0,33.437,5.69
2017/04/2019,20.4,0.26,1,0,0,33.553,5.43
2017/08/2006,15.79,0.16,2.2,0,0,33.309,6.06
2017/08/2004,13.7,0.19,6.8,0.04,0.4,33.32,5.91
2017/08/2002,10.98,0.96,13.1,0.01,16.3,33.394,4.43
2017/08/2001,12.16,0.42,5.6,0.12,5.4,33.356,5.3
2017/08/2003,10.29,1.35,21.1,0,24.8,33.435,3.61
2017/08/2005,15.17,0.17,2,0,0,33.294,6.12
2017/08/2010,20.68,0.14,2,0,0,33.553,5.21
2017/08/2008,20.25,0.13,2,0,0,33.492,5.33
2017/08/2007,20.68,0.13,2,0,0,33.553,5.21
2017/08/2009,19.77,0.13,2,0,0,33.423,5.47
2017/08/2011,15.14,0.68,7,0.07,5.7,33.566,4.59
2017/08/2012,20.68,0.2,2,0,0.2,33.557,5.23
2017/11/2018,20.75,0.09,1,0,0,33.626,5.22
2017/11/2012,21.72,0.02,0,0,0,33.938,5.12
2017/08/2016,20.68,0.2,2,0,0.2,33.557,5.23
2017/08/2014,20.92,0.13,6,0.06,0,33.683,5
2017/08/2013,19.7,0.33,6,1.02,1,33.625,4.68
2017/08/2015,19.52,0.34,6,0.98,1.2,33.618,4.68
2017/11/2010,21.51,0.2,1,0,0,33.873,5.16
2017/11/2009,21.66,0.11,0.3,0,0,33.907,5.13
2017/11/2011,19.25,0.11,1,0,0,33.803,5.62
2017/11/2014,9.88,1.28,23.9,0.01,18.6,33.628,2.86
2017/11/2013,21.74,0.07,1,0,0,33.931,5.12
2017/11/2016,15.59,0.08,1.1,0,0,33.504,5.94
2017/11/2015,13.6,0.19,2.3,0,0.4,33.521,5.48
2017/11/2017,17.44,0.12,1,0,0,33.505,5.91
2017/11/2024,12.06,0.44,6.3,0,5,33.542,4.84
2017/11/2022,17.19,0.09,1,0,0,33.492,5.94
2017/11/2020,20.75,0.04,1,0,0,33.665,5.2
2017/11/2019,20.75,0.09,1,0,0,33.664,5.21
2017/11/2021,9.28,1.81,35,0,33.8,33.525,2.58
2017/11/2023,10.71,0.79,13,0.03,11.5,33.567,4.16
2018/02/2004,21.92,0,1,0,0,33.842,5.09
2018/02/2002,21.89,0.02,1,0,0,33.837,5.09
2018/02/2001,21.88,0.1,1,0,0,33.771,5.09
2018/02/2003,21.89,0.02,1,0,0,33.837,5.09
2018/02/2006,12.29,0.37,6.2,0,4.3,33.754,4.65
2018/02/2005,21.92,0,1,0,0,33.842,5.09
2018/02/2007,10.86,0.41,11.4,0,6,33.761,3.95
2019/04/2005,12.71,2.08,30.6,0.03,23,33.984,0.85
2018/06/2014,22.61,0.2,1,0,0,33.726,5.02
2018/04/2012,23.27,0.22,1,0,0,34.221,5.02
2018/04/2008,22.32,0.2,1,0,0,33.999,5.14
2018/04/2006,17.83,0.78,7,0.33,5.9,34.136,4.04
2018/02/2010,16.67,0.04,0.3,0,0,33.753,5.83
2018/02/2009,17.21,0,0,0,0,33.754,5.84
2018/04/2005,15.73,1.43,14.6,0.06,15.5,34.117,2.49
2018/04/2007,14.38,1.95,23.2,0.08,23.2,34.103,1.7
2018/04/2007,12.94,2.07,27.2,0.04,24.5,34.093,1.41
2018/04/2010,22.33,0.17,1,0,0,33.973,5.12
2018/04/2009,22.32,0.2,1,0,0,33.996,5.14
2018/04/2008,21.71,0.21,1.5,0,0,34.014,5.23
2018/04/2008,21.03,0.22,2,0,0,34.038,5.34
2018/04/2011,22.74,0.16,1,0,0,34.201,5.04
2018/04/2010,22.33,0.17,1,0,0,33.973,5.12
2018/04/2011,22.66,0.15,1,0,0,34.198,5.04
2018/04/2022,17.2,0.11,1,0,0.2,33.51,6.05
2018/04/2018,23.95,0.17,1,0,0,34.252,4.93
2018/04/2016,23.69,0.21,1,0,0,34.239,5.01
2018/04/2014,19.46,0.26,2,0.4,0.6,34.1,4.81
2018/04/2013,19.62,0.25,2,0.38,0.6,34.102,4.82
2018/04/2015,23.31,0.22,1,0,0,34.223,5.02
2018/04/2017,23.95,0.17,1,0,0,34.252,4.93
2018/04/2016,23.65,0.22,1,0,0,34.237,5.02
2018/04/2020,15.81,0.2,1.2,0,0,33.521,5.91
2018/04/2019,11.59,0.33,13.5,0,0,33.557,4.35
2018/04/2019,10.82,0.21,16,0,1.9,33.581,3.61
2018/04/2021,17.51,0.11,1,0,0.2,33.536,6.02
2018/04/2020,13.2,0.34,4.5,0,0,33.537,5.33
2018/06/2012,25.18,0.15,0,0,0,34.437,4.8
2018/06/2010,24.92,0.13,0,0.02,0.1,34.421,4.85
2018/06/2009,25.18,0.17,0,0,0,34.437,4.8
2018/06/2011,23.32,0.22,0.5,0.01,0.1,34.371,4.9
2018/06/2011,21.35,0.35,1,0,0,34.342,4.96
2018/06/2013,16.11,0.35,2,0,0,33.446,6.04
2018/06/2013,14.04,0.33,3.3,0,0,33.479,5.61
2018/10/2022,18.04,0.69,4.1,0.44,3.6,34.168,4.39
2018/06/2024,21.27,0.17,1.5,0,0,33.705,5.39
2018/06/2018,17.18,0.2,1,0,0,33.755,5.84
2018/06/2016,14.82,0.3,2.6,0,0.1,33.762,5.47
2018/06/2015,10.55,2.31,37.2,0.05,28.1,33.853,1.25
2018/06/2014,21.09,0.2,1,0,0,33.641,5.41
2018/06/2015,23,0.2,2,0,0,33.727,5.01
2018/06/2017,12.77,0.86,10.5,0.18,8.8,33.772,4.09
2018/06/2017,11.23,2,29.8,0.07,24.9,33.805,1.8
2018/06/2022,11.48,2.54,39.6,0.05,28.2,34.09,0.42
2018/06/2020,22.59,0.17,2,0,0,33.728,5.04
2018/06/2019,19.18,0.17,1,0,0,33.7,5.84
2018/06/2021,22.64,0.17,2,0,0,33.581,5.03
2018/06/2023,11.69,2.19,32.1,0.04,26.1,34.088,1.34
2018/10/2018,14.8,2.23,23.5,0.09,23,34.209,1.35
2018/10/2015,13.43,2.36,27.3,0.12,24.4,34.303,0.83
2018/10/2014,14.11,2.21,24.5,0.12,23,34.253,1.07
2018/10/2016,25.33,0.31,2,0.09,0,34.403,4.79
2018/10/2017,25.33,0.31,2,0.09,0,34.403,4.79
2018/10/2020,16.74,1.02,8,0.3,9.3,34.15,3.55
2018/10/2019,16.25,1.82,16.6,0.25,17.9,34.17,1.75
2018/10/2021,22.95,0.32,0.9,0.03,0,34.329,5.21
2019/02/2012,24.59,0.26,1,0.08,0,34.212,4.92
2018/10/2029,25.41,0.25,0,0.03,0,34.545,4.78
2018/10/2026,25.42,0.2,0,0.03,0,34.552,4.78
2018/10/2024,25.41,0.26,0,0.03,0,34.544,4.78
2018/10/2023,24.61,0.28,0.2,0.03,0,34.441,5.03
2018/10/2025,25.42,0.2,0,0.03,0,34.552,4.78
2018/10/2028,20.17,0.39,3.4,0,0,34.336,4.45
2018/10/2027,18.39,0.44,7,0,0.1,34.326,3.68
2019/02/2010,25.26,0.24,1,0.08,0,34.403,4.8
2019/02/2008,17.17,0.46,6.1,0.1,0,34.132,4.27
2019/02/2007,17.44,0.46,6,0.1,0,34.133,4.28
2019/02/2009,24.94,0.25,1,0.08,0,34.31,4.86
2019/02/2011,25.27,0.25,1.1,0.08,0,34.403,4.8
2019/04/2003,24.08,0.15,1,0,0,33.979,4.87
2019/04/2002,24.08,0.15,1,0,0,33.979,4.87
2019/04/2002,11.57,2.43,39.9,0.05,25.1,34.016,0.24
2019/04/2003,24.08,0.17,1,0,0,33.982,4.98
2019/04/2004,22.91,0.17,1,0,0,33.908,5.2
2019/04/2004,20.81,0.17,1,0,0,33.828,5.51
2019/07/2017,10.23,1.8,22.1,0.04,18.6,33.668,3.77
2019/04/2013,25.42,0.13,0,0,0,34.595,4.76
2019/04/2008,25.41,0.13,0,0,0,34.595,4.74
2019/04/2006,13.73,0.98,14.9,0.03,8.7,33.982,2.82
2019/04/2005,12.45,2.28,36,0.12,23.5,33.991,0.41
2019/04/2007,17,0.41,4,0.01,0,33.986,4.91
2019/04/2006,13.2,1.62,23.6,0.02,19.3,33.981,1.63
2019/04/2007,16.88,0.42,4.3,0.01,0.1,33.986,4.82
2019/04/2010,11.41,2.45,37.6,0.14,24.5,34.107,0.38
2019/04/2009,11.97,2.05,32.6,0.24,21.6,34.1,0.86
2019/04/2008,21.34,0.23,1.9,0,0,34.249,5.45
2019/04/2010,25.42,0.13,0,0,0,34.595,4.76
2019/04/2011,23.95,0.17,0.9,0,0,34.434,5.08
2019/04/2017,13.56,0.45,11.8,0.11,1.7,34.119,3.37
2019/04/2015,12.08,1.36,26.3,0.09,12.9,34.102,1.57
2019/04/2014,25.41,0.13,0,0,0,34.595,4.74
2019/04/2016,13.31,1.44,24.1,0.1,14.2,34.108,1.3
2019/07/2013,18.29,0.2,2,0,0,33.49,6.02
2019/07/2012,18.29,0.2,2,0,0,33.5,5.71
2019/07/2011,18.29,0.2,2,0,0,33.493,5.93
2019/07/2015,9.55,2.31,34.5,0.01,23.9,33.914,2.38
2019/07/2014,17.48,0.24,2.3,0,0,33.473,6.07
2019/07/2016,9.88,2,26.4,0.1,21.1,33.749,3.5
2019/07/2026,18.68,0.31,1,0,0,33.53,5.3
2019/07/2022,11.4,1.86,26.7,0.04,23,33.798,2.16
2019/07/2019,10.78,1.48,16,0,14.3,33.564,4.36
2019/07/2018,11.74,1.01,8.8,0.01,8,33.483,5.22
2019/07/2021,16.7,0.39,1.4,0.08,0.2,33.506,5.34
2019/07/2020,10.54,1.64,19,0,16.4,33.62,3.99
2019/07/2024,15.01,0.25,1.9,0,0.3,33.745,5.52
2019/07/2023,18.82,0.24,1,0,0,33.53,5.48
2019/07/2025,17.49,0.13,0,0,0,33.736,5.84
2019/11/2013,10.29,1.78,25.7,0.02,20.2,33.708,3.34
2019/11/2009,18.28,0.16,1,0.03,0,33.54,5.52
2019/11/2007,18.15,0.13,2,0,0,33.54,5.57
2019/11/2005,16.22,0.17,2.5,0,0.4,33.526,5.67
2019/11/2004,13.56,0.28,3.7,0.01,0.9,33.511,5.79
2019/11/2006,12.14,0.7,10.6,0.04,7.5,33.499,4.65
2019/11/2008,18.18,0.13,1.7,0.01,0,33.54,5.55
2019/11/2011,9.37,2.39,40.2,0.06,25.8,33.918,2.06
2019/11/2010,10.17,2.03,30.3,0.01,22.4,33.777,2.78
2019/11/2012,18.28,0.16,1,0.03,0,33.54,5.52
2019/11/2015,10.73,1.31,16.5,0.01,14.6,33.588,4.27
2019/11/2014,10.43,1.58,22,0.03,18,33.67,3.76
2019/11/2017,13.41,0.49,3.9,0.08,0.6,33.443,5.9
2019/11/2016,11.71,0.76,6.5,0.03,6.2,33.476,5.32
2019/11/2018,16.03,0.31,2.9,0,0,33.456,6.13
